window,actual,predict,entropy,un_prob,overall
1,0,0,0.05976466,0.023041308,0.05976466
2,0,0,0.046514817,0.017219186,0.046514817
3,0,0,0.04087955,0.014494479,0.04087955
4,0,0,0.0354544,0.012123942,0.0354544
5,0,0,0.040506255,0.014252722,0.040506255
6,0,0,0.05338545,0.019945025,0.05338545
7,0,0,0.07380697,0.030120969,0.07380697
8,0,0,0.06869341,0.027310431,0.06869341
9,0,0,0.051095072,0.019429743,0.051095072
10,0,0,0.047534026,0.01799637,0.047534026
11,0,0,0.047689643,0.017783523,0.047689643
12,0,0,0.054759458,0.021434367,0.054759458
13,0,0,0.0728017,0.029708445,0.0728017
14,0,0,0.057784643,0.022373557,0.057784643
15,0,0,0.058434542,0.022770762,0.058434542
16,0,0,0.045047686,0.016826093,0.045047686
17,0,0,0.04526387,0.017071366,0.04526387
18,0,0,0.047882047,0.018165767,0.047882047
19,0,0,0.051115334,0.019519925,0.051115334
20,0,0,0.06820739,0.027924657,0.06820739
21,0,0,0.039872076,0.014727175,0.039872076
22,0,0,0.051868957,0.019705296,0.051868957
23,0,0,0.047524426,0.017751694,0.047524426
24,0,0,0.045981914,0.017459095,0.045981914
25,0,0,0.051151194,0.019575834,0.051151194
26,0,0,0.041050788,0.015254021,0.041050788
27,0,0,0.04695777,0.017959118,0.04695777
28,0,0,0.04517639,0.017094374,0.04517639
29,0,0,0.047127765,0.017923236,0.047127765
30,0,0,0.043421667,0.016249835,0.043421667
31,0,0,0.048166733,0.018170953,0.048166733
32,0,0,0.04367788,0.01639229,0.04367788
33,0,0,0.05835145,0.02302432,0.05835145
34,0,0,0.053898696,0.020758808,0.053898696
35,0,0,0.057139553,0.022010744,0.057139553
36,0,0,0.05230195,0.020017862,0.05230195
37,0,0,0.063689284,0.025715828,0.063689284
38,0,0,0.069989,0.02882284,0.069989
39,0,0,0.051455244,0.020002484,0.051455244
40,0,0,0.047317505,0.018153131,0.047317505
41,0,0,0.054573957,0.021650195,0.054573957
42,0,0,0.053950522,0.020685196,0.053950522
43,0,0,0.05550566,0.022066832,0.05550566
44,0,0,0.04610392,0.017661631,0.04610392
45,0,0,0.04521963,0.017101765,0.04521963
46,0,0,0.04777243,0.018005908,0.04777243
47,0,0,0.05750142,0.022637188,0.05750142
48,0,0,0.059229217,0.023882627,0.059229217
49,0,0,0.07499872,0.031721175,0.07499872
50,0,0,0.07471503,0.031880677,0.07471503
51,0,0,0.07105193,0.029187083,0.07105193
52,0,0,0.07694873,0.03262812,0.07694873
53,0,0,0.074021,0.03136158,0.074021
54,0,0,0.057542328,0.022554755,0.057542328
55,0,0,0.068627514,0.028025568,0.068627514
56,0,0,0.054907355,0.021266222,0.054907355
57,0,0,0.08060309,0.034021676,0.08060309
58,0,0,0.057304606,0.02249521,0.057304606
59,0,0,0.048980594,0.01865244,0.048980594
60,0,0,0.045770388,0.016988397,0.045770388
61,0,0,0.038289197,0.013684094,0.038289197
62,0,0,0.09537414,0.037970543,0.09537414
63,0,0,0.08410597,0.032883823,0.08410597
64,0,0,0.097546406,0.039916992,0.097546406
65,0,0,0.14150837,0.06491941,0.14150837
66,0,0,0.22408938,0.12269479,0.22408938
67,0,0,0.079380736,0.03430301,0.079380736
68,0,0,0.0482521,0.01821357,0.0482521
69,0,0,0.056974173,0.022477746,0.056974173
70,0,0,0.08484268,0.035835505,0.08484268
71,0,0,0.07157885,0.029923975,0.07157885
72,0,0,0.058537155,0.023566425,0.058537155
73,0,0,0.050087366,0.019078195,0.050087366
74,0,0,0.06434675,0.026002824,0.06434675
75,0,0,0.06257735,0.025592268,0.06257735
76,0,0,0.0625313,0.025254488,0.0625313
77,0,0,0.061681584,0.024656236,0.061681584
78,0,0,0.05117086,0.019646764,0.05117086
79,0,0,0.059335627,0.02353543,0.059335627
80,0,0,0.04218442,0.01557827,0.04218442
81,0,0,0.04782801,0.018168509,0.04782801
82,0,0,0.047340754,0.017591655,0.047340754
83,0,0,0.046690736,0.017716825,0.046690736
84,0,0,0.06094066,0.024308205,0.06094066
85,0,0,0.06407858,0.025671482,0.06407858
86,0,0,0.06012799,0.02373463,0.06012799
87,0,0,0.058966175,0.023275316,0.058966175
88,0,0,0.050849307,0.019528747,0.050849307
89,0,0,0.0489018,0.018427134,0.0489018
90,0,0,0.05930874,0.023011386,0.05930874
91,0,0,0.04856243,0.018602014,0.04856243
92,0,0,0.053718615,0.021249175,0.053718615
93,0,0,0.055381916,0.021832705,0.055381916
94,0,0,0.061513014,0.024795115,0.061513014
95,0,0,0.077394016,0.030686677,0.077394016
96,0,0,0.068267785,0.025754452,0.068267785
97,0,0,0.06302849,0.024108946,0.06302849
98,0,0,0.08242583,0.033477187,0.08242583
99,0,0,0.14106788,0.066767454,0.14106788
100,0,0,0.071316734,0.028983235,0.071316734
101,0,0,0.05603663,0.021244526,0.05603663
102,0,0,0.047620896,0.017177165,0.047620896
103,0,0,0.11427118,0.049479485,0.11427118
104,0,5,0.4125535,0.36216092,0.4125535
105,0,5,0.23092267,0.12431425,0.23092267
106,0,5,0.052195907,0.01990223,0.052195907
107,0,5,0.06265305,0.025700212,0.06265305
108,0,5,0.28846127,0.20246696,0.28846127
109,0,5,0.18768749,0.096820354,0.18768749
110,0,5,0.05604411,0.023120582,0.05604411
111,0,5,0.10261214,0.051722705,0.10261214
112,0,5,0.2528205,0.20591426,0.2528205
113,0,5,0.33507714,0.34210896,0.34210896
114,0,7,0.4734416,0.4224673,0.4734416
115,0,6,0.59636295,0.6750423,0.6750423
116,0,6,0.6370651,0.4012555,0.6370651
117,0,5,0.57450014,0.4407056,0.57450014
118,0,5,0.4999748,0.34734333,0.4999748
119,0,5,0.5523959,0.36508214,0.5523959
120,0,5,0.61978686,0.4965269,0.61978686
121,0,5,0.55874175,0.4274857,0.55874175
122,0,0,0.4374329,0.5134243,0.5134243
123,0,5,0.35656393,0.25770462,0.35656393
124,0,5,0.31146666,0.1995759,0.31146666
125,0,5,0.15399164,0.07502186,0.15399164
126,0,0,0.45589414,0.5156074,0.5156074
127,0,0,0.32654577,0.21085161,0.32654577
128,0,0,0.18830974,0.09624857,0.18830974
129,0,0,0.13100563,0.061329544,0.13100563
130,0,0,0.23698694,0.124604285,0.23698694
131,0,0,0.109898,0.047003925,0.109898
132,0,0,0.087921284,0.035669565,0.087921284
133,0,0,0.10418033,0.04440701,0.10418033
134,0,0,0.12977286,0.05994183,0.12977286
135,0,0,0.11276455,0.04835707,0.11276455
136,0,0,0.12711649,0.057814717,0.12711649
137,0,0,0.11443328,0.050497055,0.11443328
138,0,0,0.09209372,0.039352953,0.09209372
139,0,0,0.09899424,0.043187678,0.09899424
140,0,0,0.120394595,0.05499202,0.120394595
141,0,0,0.12914519,0.0599941,0.12914519
142,0,0,0.11483093,0.050271392,0.11483093
143,0,0,0.10158132,0.04381478,0.10158132
144,0,0,0.0966414,0.042798877,0.0966414
145,0,0,0.08673655,0.037599742,0.08673655
146,0,0,0.096304946,0.042797565,0.096304946
147,0,0,0.078612804,0.03323269,0.078612804
148,0,0,0.07761759,0.032108426,0.07761759
149,0,0,0.08256494,0.034447193,0.08256494
150,0,0,0.12549527,0.057814837,0.12549527
151,0,0,0.19254246,0.095543206,0.19254246
152,0,0,0.21062107,0.10894543,0.21062107
153,0,0,0.16584857,0.079841256,0.16584857
154,0,0,0.28770852,0.16665214,0.28770852
155,0,0,0.18792556,0.09220332,0.18792556
156,0,0,0.123848304,0.05432266,0.123848304
157,0,0,0.08299653,0.034677386,0.08299653
158,0,0,0.10704729,0.046947718,0.10704729
159,0,0,0.09436451,0.041525602,0.09436451
160,0,0,0.08802453,0.03728801,0.08802453
161,0,0,0.08269059,0.03476584,0.08269059
162,0,0,0.101489395,0.04415047,0.101489395
163,0,0,0.08422687,0.03529954,0.08422687
164,0,0,0.117408134,0.05348015,0.117408134
165,0,0,0.10022485,0.04428637,0.10022485
166,0,0,0.09426597,0.04097587,0.09426597
167,0,0,0.13031371,0.060090065,0.13031371
168,0,0,0.091762975,0.039109766,0.091762975
169,0,0,0.08498537,0.036396265,0.08498537
170,0,0,0.092236996,0.040646315,0.092236996
171,0,0,0.09750502,0.043130696,0.09750502
172,0,0,0.06051259,0.023922205,0.06051259
173,0,0,0.15544419,0.07136941,0.15544419
174,0,0,0.1734439,0.084007084,0.1734439
175,0,0,0.13446946,0.059980094,0.13446946
176,0,0,0.1420636,0.06504041,0.1420636
177,0,0,0.19236872,0.096826375,0.19236872
178,0,0,0.18751419,0.09403646,0.18751419
179,0,0,0.10352312,0.044295013,0.10352312
180,0,0,0.14196426,0.0661726,0.14196426
181,0,0,0.12990993,0.05993724,0.12990993
182,0,0,0.098519705,0.042957485,0.098519705
183,0,0,0.10570918,0.045940638,0.10570918
184,0,0,0.124114975,0.05761969,0.124114975
185,0,0,0.07726638,0.032233,0.07726638
186,0,0,0.10175305,0.045476556,0.10175305
187,0,0,0.06268406,0.025245667,0.06268406
188,0,0,0.08480919,0.03635001,0.08480919
189,0,0,0.06921975,0.027488172,0.06921975
190,0,0,0.09031882,0.0394333,0.09031882
191,0,0,0.06509818,0.026414871,0.06509818
192,0,0,0.083121195,0.035309374,0.083121195
193,0,0,0.0594122,0.02332735,0.0594122
194,0,0,0.085963376,0.03612709,0.085963376
195,0,0,0.09154898,0.039389193,0.09154898
196,0,0,0.083596565,0.035333693,0.083596565
197,0,0,0.10909005,0.049361527,0.10909005
198,0,0,0.090535685,0.039070725,0.090535685
199,0,0,0.10998931,0.050186634,0.10998931
200,0,0,0.10020508,0.04353863,0.10020508
201,0,0,0.12393596,0.055951416,0.12393596
202,0,0,0.08804173,0.037089765,0.08804173
203,0,0,0.110154174,0.04835522,0.110154174
204,0,0,0.12886937,0.059838295,0.12886937
205,0,0,0.12021848,0.054639637,0.12021848
206,0,0,0.089346394,0.038131952,0.089346394
207,0,0,0.06901832,0.028084993,0.06901832
208,0,0,0.11934047,0.05448115,0.11934047
209,0,0,0.10246159,0.04528427,0.10246159
210,0,0,0.10759942,0.048525333,0.10759942
211,0,0,0.08191789,0.034486055,0.08191789
212,0,0,0.09693358,0.042713165,0.09693358
213,0,0,0.10448032,0.045843065,0.10448032
214,0,0,0.12157806,0.054007113,0.12157806
215,0,0,0.0762165,0.031865776,0.0762165
216,0,0,0.081822716,0.034606755,0.081822716
217,0,0,0.07446605,0.030675352,0.07446605
218,0,0,0.07465099,0.030761719,0.07465099
219,0,0,0.10823024,0.048236012,0.10823024
220,0,0,0.081580415,0.033884168,0.081580415
221,0,0,0.12478749,0.056195915,0.12478749
222,0,0,0.1705134,0.08168173,0.1705134
223,0,0,0.1719296,0.08246189,0.1719296
224,0,0,0.09821139,0.041567028,0.09821139
225,0,0,0.10435139,0.04561436,0.10435139
226,0,0,0.10294553,0.045761466,0.10294553
227,0,0,0.04728585,0.017898858,0.04728585
228,0,0,0.039259188,0.014375687,0.039259188
229,0,0,0.0558121,0.022166908,0.0558121
230,0,0,0.068211496,0.027427256,0.068211496
231,0,0,0.082323864,0.033520043,0.082323864
232,0,0,0.12056732,0.054320335,0.12056732
233,0,0,0.22856486,0.12464267,0.22856486
234,0,0,0.20573358,0.10843611,0.20573358
235,0,0,0.1696799,0.08432329,0.1696799
236,0,0,0.15035866,0.07194507,0.15035866
237,0,0,0.1693275,0.08607465,0.1693275
238,0,0,0.112776145,0.05225444,0.112776145
239,0,0,0.08184512,0.034377396,0.08184512
240,0,0,0.09786604,0.04263383,0.09786604
241,0,0,0.098633036,0.04203856,0.098633036
242,0,0,0.11095616,0.048427343,0.11095616
243,0,0,0.0905069,0.03760922,0.0905069
244,0,0,0.07933858,0.032752156,0.07933858
245,0,0,0.0747083,0.030213118,0.0747083
246,0,0,0.095638864,0.041876078,0.095638864
247,0,0,0.07172596,0.029394329,0.07172596
248,0,0,0.052458186,0.020286143,0.052458186
249,0,0,0.04944494,0.01852405,0.04944494
250,0,0,0.04494585,0.016812027,0.04494585
251,0,0,0.03827436,0.013605475,0.03827436
252,0,0,0.042619593,0.015080214,0.042619593
253,0,0,0.04405845,0.016284108,0.04405845
254,0,0,0.054000862,0.021010578,0.054000862
255,0,0,0.062713824,0.02515304,0.062713824
256,0,0,0.06623763,0.025906563,0.06623763
257,0,0,0.04826294,0.018104494,0.04826294
258,0,0,0.038847327,0.014069617,0.038847327
259,0,0,0.045188665,0.017129064,0.045188665
260,0,0,0.0336418,0.011899471,0.0336418
261,0,0,0.034714617,0.012157083,0.034714617
262,0,0,0.033965625,0.011746407,0.033965625
263,0,0,0.03083098,0.010689974,0.03083098
264,0,0,0.0406312,0.014954269,0.0406312
265,0,0,0.047977626,0.017986357,0.047977626
266,0,0,0.050067384,0.018868804,0.050067384
267,0,0,0.047358457,0.017768323,0.047358457
268,0,0,0.05032156,0.01896149,0.05032156
269,0,0,0.04202043,0.0155543685,0.04202043
270,0,0,0.048100546,0.018403232,0.048100546
271,0,0,0.049790245,0.018650174,0.049790245
272,0,0,0.045597665,0.01676315,0.045597665
273,0,0,0.04754871,0.0177567,0.04754871
274,0,0,0.04630598,0.017433524,0.04630598
275,0,0,0.04031783,0.014720798,0.04031783
276,0,0,0.049859412,0.018541992,0.049859412
277,0,0,0.049574938,0.018834114,0.049574938
278,0,0,0.05285231,0.020610988,0.05285231
279,0,0,0.045816585,0.01676625,0.045816585
280,0,0,0.050536644,0.019133806,0.050536644
281,0,0,0.045538682,0.016924798,0.045538682
282,0,0,0.04261847,0.01570177,0.04261847
283,0,0,0.040708445,0.014753759,0.040708445
284,0,0,0.04730824,0.017537713,0.04730824
285,0,0,0.051848534,0.020127177,0.051848534
286,0,0,0.050483257,0.01947409,0.050483257
287,0,0,0.049084112,0.018709958,0.049084112
288,0,0,0.04610299,0.017193854,0.04610299
289,0,0,0.04938741,0.01864624,0.04938741
290,0,0,0.05318715,0.020222068,0.05318715
291,1,6,0.41187412,0.25216836,0.41187412
292,1,6,0.3027253,0.17118001,0.3027253
293,1,6,0.35631546,0.27562922,0.35631546
294,1,6,0.26235357,0.13868862,0.26235357
295,1,6,0.11612355,0.041918814,0.11612355
296,1,6,0.35924938,0.19290674,0.35924938
297,1,6,0.37751386,0.19630557,0.37751386
298,1,6,0.45867282,0.2860546,0.45867282
299,1,6,0.41629845,0.23123145,0.41629845
300,1,6,0.49479368,0.36516428,0.49479368
301,1,6,0.4846096,0.32313794,0.4846096
302,1,6,0.41687226,0.29233325,0.41687226
303,1,6,0.27605844,0.1469081,0.27605844
304,1,6,0.59828466,0.61170924,0.61170924
305,1,7,0.58954453,0.5636481,0.58954453
306,1,5,0.2696271,0.14151818,0.2696271
307,1,5,0.090791,0.034347475,0.090791
308,1,5,0.201303,0.11864132,0.201303
309,1,5,0.11157593,0.049461067,0.11157593
310,1,5,0.14660072,0.073643446,0.14660072
311,1,5,0.09748542,0.04804051,0.09748542
312,1,5,0.26171544,0.20215172,0.26171544
313,1,5,0.23496214,0.17554003,0.23496214
314,1,5,0.36544403,0.38657093,0.38657093
315,1,7,0.28682482,0.20181769,0.28682482
316,1,7,0.25419527,0.15634394,0.25419527
317,1,7,0.10379778,0.04326397,0.10379778
318,1,7,0.0072371326,0.0019658208,0.0072371326
319,1,7,0.0038239222,0.00094646215,0.0038239222
320,1,7,0.013913871,0.004492402,0.013913871
321,1,7,0.003331284,0.00085425377,0.003331284
322,1,7,0.050731074,0.021937191,0.050731074
323,1,7,0.030007629,0.011410058,0.030007629
324,1,7,0.032211654,0.012446046,0.032211654
325,1,7,0.00058099313,0.000119805336,0.00058099313
326,1,7,0.00021766608,4.053116e-05,0.00021766608
327,1,7,0.004419071,0.0011829138,0.004419071
328,1,7,0.001697531,0.0003989339,0.001697531
329,1,7,0.0042464016,0.0011322498,0.0042464016
330,1,7,0.004300464,0.001146555,0.004300464
331,1,7,0.017654097,0.00597471,0.017654097
332,1,7,0.041072477,0.016669214,0.041072477
333,1,7,0.06649756,0.0308187,0.06649756
334,1,7,0.0060228435,0.0016735196,0.0060228435
335,1,7,0.004396246,0.0011612773,0.004396246
336,1,7,0.00033578582,6.4492226e-05,0.00033578582
337,1,7,0.0003244257,6.234646e-05,0.0003244257
338,1,7,0.00019923541,3.5762787e-05,0.00019923541
339,1,7,0.001967886,0.00043290854,0.001967886
340,1,7,0.010381567,0.0030131936,0.010381567
341,1,7,0.112197354,0.06144148,0.112197354
342,1,7,0.1282779,0.07431036,0.1282779
343,1,7,0.24535818,0.20088655,0.24535818
344,1,7,0.20016591,0.14061171,0.20016591
345,1,7,0.07126475,0.02823317,0.07126475
346,1,7,0.1567564,0.08856988,0.1567564
347,1,7,0.16274723,0.08998418,0.16274723
348,1,7,0.23664431,0.1384635,0.23664431
349,1,7,0.2484384,0.16189414,0.2484384
350,1,7,0.3542097,0.40785104,0.40785104
351,1,1,0.31711802,0.288207,0.31711802
352,1,1,0.3155013,0.2427687,0.3155013
353,1,7,0.38331625,0.39246303,0.39246303
354,1,7,0.4519575,0.4975748,0.4975748
355,1,1,0.5118903,0.57497954,0.57497954
356,1,5,0.532966,0.642238,0.642238
357,1,1,0.42498133,0.3470404,0.42498133
358,1,7,0.4184459,0.50403625,0.50403625
359,1,1,0.414088,0.4634869,0.4634869
360,1,7,0.3777282,0.37248302,0.3777282
361,1,7,0.2691269,0.16347742,0.2691269
362,1,7,0.4165919,0.3317551,0.4165919
363,1,7,0.48809916,0.42244178,0.48809916
364,1,7,0.4912876,0.4119398,0.4912876
365,1,7,0.23642051,0.12258607,0.23642051
366,1,7,0.36579114,0.3383103,0.36579114
367,1,7,0.5096961,0.5111954,0.5111954
368,1,7,0.48053998,0.4699639,0.48053998
369,1,5,0.49745414,0.52492297,0.52492297
370,1,1,0.53448725,0.6177349,0.6177349
371,1,7,0.5417053,0.6201887,0.6201887
372,1,1,0.48312792,0.41583222,0.48312792
373,1,1,0.3175228,0.1919918,0.3175228
374,1,1,0.19135103,0.10592574,0.19135103
375,1,7,0.48476937,0.42577803,0.48476937
376,1,7,0.47412327,0.41973066,0.47412327
377,1,7,0.4307326,0.3787074,0.4307326
378,1,7,0.23516949,0.14440459,0.23516949
379,1,7,0.35482812,0.36826664,0.36826664
380,1,7,0.4288183,0.49045712,0.49045712
381,1,7,0.39827248,0.30878258,0.39827248
382,1,7,0.43076047,0.382169,0.43076047
383,1,7,0.43637642,0.40329063,0.43637642
384,1,7,0.23012483,0.12930179,0.23012483
385,1,7,0.39394483,0.35631543,0.39394483
386,1,7,0.26564664,0.17046863,0.26564664
387,1,7,0.4302114,0.3521188,0.4302114
388,1,7,0.44266564,0.49514693,0.49514693
389,1,7,0.48017365,0.56555754,0.56555754
390,1,1,0.46858594,0.4293064,0.46858594
391,1,5,0.40403855,0.3205819,0.40403855
392,1,5,0.42903537,0.3665312,0.42903537
393,1,1,0.42459694,0.3412586,0.42459694
394,1,1,0.4154391,0.32109308,0.4154391
395,1,1,0.3515562,0.24086207,0.3515562
396,1,1,0.23725533,0.13238943,0.23725533
397,1,1,0.49940717,0.4501024,0.49940717
398,1,1,0.39226228,0.2904365,0.39226228
399,1,1,0.37323475,0.30693978,0.37323475
400,1,1,0.40319377,0.46608233,0.46608233
401,1,1,0.30061424,0.20245963,0.30061424
402,1,1,0.33420998,0.23604107,0.33420998
403,1,1,0.48173854,0.50133824,0.50133824
404,1,5,0.4003053,0.4425131,0.4425131
405,1,5,0.36379063,0.47860545,0.47860545
406,1,7,0.3606251,0.4994136,0.4994136
407,1,5,0.31309205,0.32197958,0.32197958
408,1,5,0.25711355,0.21054792,0.25711355
409,1,5,0.14481555,0.08502966,0.14481555
410,1,7,0.36515146,0.42290676,0.42290676
411,1,7,0.40812293,0.43950838,0.43950838
412,1,7,0.42470926,0.51241875,0.51241875
413,1,7,0.42958146,0.36558878,0.42958146
414,1,7,0.4957068,0.5570419,0.5570419
415,1,5,0.38423178,0.3290903,0.38423178
416,1,5,0.28983468,0.20362169,0.28983468
417,1,5,0.27707505,0.21667117,0.27707505
418,1,5,0.22388288,0.14182466,0.22388288
419,1,5,0.3691201,0.39299095,0.39299095
420,1,5,0.3402807,0.40986544,0.40986544
421,1,5,0.33602622,0.35542065,0.35542065
422,1,5,0.35968736,0.4862203,0.4862203
423,1,7,0.37777764,0.41295457,0.41295457
424,1,7,0.37472993,0.26381743,0.37472993
425,1,1,0.44419956,0.47854042,0.47854042
426,1,1,0.4469747,0.40309936,0.4469747
427,1,1,0.1314732,0.06808549,0.1314732
428,1,1,0.23790078,0.14575493,0.23790078
429,1,7,0.5296473,0.6413094,0.6413094
430,1,5,0.45253846,0.39604998,0.45253846
431,1,1,0.5110491,0.5774741,0.5774741
432,1,1,0.4965409,0.5131706,0.5131706
433,1,1,0.4676953,0.41896445,0.4676953
434,1,1,0.09976375,0.04303193,0.09976375
435,1,1,0.14968817,0.07825911,0.14968817
436,1,1,0.4076339,0.3143834,0.4076339
437,1,5,0.48457333,0.44911927,0.48457333
438,1,7,0.42479536,0.5235808,0.5235808
439,1,7,0.36911616,0.4632548,0.4632548
440,1,7,0.42617857,0.4616195,0.4616195
441,1,5,0.43828782,0.37711936,0.43828782
442,1,5,0.38273537,0.319031,0.38273537
443,1,5,0.29506627,0.25618148,0.29506627
444,1,5,0.27225223,0.23235053,0.27225223
445,1,5,0.16475411,0.1056084,0.16475411
446,1,5,0.35950416,0.39663166,0.39663166
447,1,5,0.31904566,0.27317888,0.31904566
448,1,5,0.2161792,0.1502173,0.2161792
449,1,5,0.22048499,0.1427266,0.22048499
450,1,5,0.33105457,0.35624152,0.35624152
451,1,5,0.286131,0.26629668,0.286131
452,1,7,0.36580628,0.45916176,0.45916176
453,1,7,0.3909255,0.3320511,0.3909255
454,1,7,0.37931266,0.29698867,0.37931266
455,1,7,0.41136122,0.48040438,0.48040438
456,1,7,0.4809683,0.42661947,0.4809683
457,1,5,0.38467982,0.46037197,0.46037197
458,1,5,0.3793926,0.4805928,0.4805928
459,1,5,0.3406222,0.40495288,0.40495288
460,1,5,0.28801537,0.24983394,0.28801537
461,1,5,0.43716115,0.49800748,0.49800748
462,1,5,0.38819426,0.30874544,0.38819426
463,1,5,0.42215908,0.38593304,0.42215908
464,1,1,0.5543959,0.5399828,0.5543959
465,1,1,0.50408685,0.51378304,0.51378304
466,1,5,0.53551966,0.6040871,0.6040871
467,1,1,0.5119253,0.5704435,0.5704435
468,1,5,0.48823932,0.52465224,0.52465224
469,1,5,0.29882094,0.211115,0.29882094
470,1,5,0.39044082,0.32124817,0.39044082
471,1,1,0.4483614,0.39921743,0.4483614
472,1,1,0.41063192,0.51668006,0.51668006
473,1,1,0.42573124,0.5018176,0.5018176
474,1,7,0.41842,0.37781918,0.41842
475,1,7,0.44086736,0.42400616,0.44086736
476,1,5,0.24303412,0.18387133,0.24303412
477,1,5,0.23461093,0.17208803,0.23461093
478,1,5,0.46671578,0.5138189,0.5138189
479,1,1,0.47263056,0.43086404,0.47263056
480,1,1,0.15353937,0.07829994,0.15353937
481,1,1,0.0046923975,0.0011514425,0.0046923975
482,1,1,0.086395465,0.035324395,0.086395465
483,1,1,0.0812813,0.032524586,0.0812813
484,1,1,0.5562287,0.5940553,0.5940553
485,1,5,0.45457926,0.53012836,0.53012836
486,1,5,0.36552206,0.42513484,0.42513484
487,1,7,0.35625628,0.48773682,0.48773682
488,1,5,0.36374742,0.4090733,0.4090733
489,1,5,0.21919808,0.160698,0.21919808
490,1,5,0.34655318,0.37431198,0.37431198
491,1,5,0.36025977,0.39094818,0.39094818
492,1,5,0.4345118,0.4574297,0.4574297
493,1,7,0.40967584,0.48102087,0.48102087
494,1,7,0.404123,0.49790376,0.49790376
495,1,5,0.48243025,0.35379446,0.48243025
496,1,5,0.40205482,0.40446943,0.40446943
497,1,7,0.51616573,0.5589159,0.5589159
498,1,5,0.53941476,0.5599715,0.5599715
499,1,6,0.503567,0.48183584,0.503567
500,1,5,0.5381194,0.5943224,0.5943224
501,1,7,0.5805952,0.555228,0.5805952
502,1,7,0.6134591,0.63455546,0.63455546
503,1,7,0.52844507,0.505143,0.52844507
504,1,7,0.4813416,0.39670968,0.4813416
505,1,7,0.475971,0.31059784,0.475971
506,1,7,0.25091293,0.15854955,0.25091293
507,1,7,0.42299107,0.37026852,0.42299107
508,1,7,0.27900818,0.17831993,0.27900818
509,1,7,0.2849945,0.17129284,0.2849945
510,1,7,0.19992904,0.099930525,0.19992904
511,1,7,0.28744644,0.15662026,0.28744644
512,1,7,0.27731717,0.15234852,0.27731717
513,1,7,0.49369404,0.54201585,0.54201585
514,1,7,0.4332038,0.34879833,0.4332038
515,1,1,0.44562188,0.45063305,0.45063305
516,1,7,0.44920945,0.4679994,0.4679994
517,1,5,0.265033,0.16123581,0.265033
518,1,5,0.18953204,0.09217179,0.18953204
519,1,5,0.44763726,0.39088106,0.44763726
520,1,5,0.43570018,0.4041463,0.43570018
521,1,7,0.4641424,0.38865888,0.4641424
522,1,7,0.46888113,0.5083412,0.5083412
523,1,7,0.5658318,0.57846713,0.57846713
524,1,6,0.5685669,0.62842613,0.62842613
525,1,6,0.3550578,0.24837422,0.3550578
526,1,6,0.042636484,0.013302863,0.042636484
527,1,6,0.026052307,0.0075063705,0.026052307
528,1,6,0.23084626,0.15448439,0.23084626
529,1,3,0.40603366,0.5158391,0.5158391
530,1,3,0.5089263,0.36184078,0.5089263
531,1,3,0.6331987,0.59477913,0.6331987
532,1,6,0.62696564,0.5353918,0.62696564
533,1,6,0.6193218,0.4464475,0.6193218
534,1,4,0.58987397,0.61509156,0.61509156
535,1,6,0.5914271,0.4116251,0.5914271
536,1,6,0.4353053,0.3109883,0.4353053
537,1,1,0.3583614,0.3418796,0.3583614
538,1,1,0.46271253,0.44327062,0.46271253
539,1,1,0.28601375,0.16966951,0.28601375
540,1,1,0.41736817,0.33979356,0.41736817
541,1,6,0.38226098,0.2788114,0.38226098
542,1,6,0.14015801,0.0665766,0.14015801
543,1,6,0.08696017,0.037272155,0.08696017
544,1,6,0.16604431,0.08783555,0.16604431
545,1,6,0.35418418,0.31556982,0.35418418
546,1,7,0.44500315,0.3575517,0.44500315
547,1,7,0.5624758,0.400761,0.5624758
548,1,7,0.49790484,0.33088565,0.49790484
549,1,7,0.46800867,0.3409899,0.46800867
550,1,7,0.4221092,0.5095309,0.5095309
551,1,7,0.4576829,0.4462872,0.4576829
552,1,5,0.4184229,0.43621755,0.43621755
553,1,7,0.3838008,0.33303553,0.3838008
554,1,7,0.4401143,0.2929868,0.4401143
555,1,7,0.6531724,0.49239075,0.6531724
556,1,7,0.85524184,0.7278793,0.85524184
557,1,4,0.9080748,0.76398575,0.9080748
558,1,0,0.91375417,0.7785113,0.91375417
559,1,6,0.7555346,0.60262984,0.7555346
560,1,6,0.61993945,0.513811,0.61993945
561,1,6,0.53124225,0.5097728,0.53124225
562,1,1,0.51209265,0.5199183,0.5199183
563,1,6,0.650215,0.56253123,0.650215
564,1,6,0.74402,0.6506213,0.74402
565,1,0,0.8000352,0.6736641,0.8000352
566,1,6,0.80411875,0.7351693,0.80411875
567,1,0,0.68371147,0.5765025,0.68371147
568,1,0,0.7829568,0.64209825,0.7829568
569,1,5,0.7073495,0.616892,0.7073495
570,1,5,0.6277156,0.42200148,0.6277156
571,1,5,0.6777106,0.67664593,0.6777106
572,1,5,0.76733565,0.6816983,0.76733565
573,1,5,0.67050356,0.5701364,0.67050356
574,1,5,0.6351088,0.6447989,0.6447989
575,1,7,0.46157482,0.40819573,0.46157482
576,1,0,0.43935785,0.32288194,0.43935785
577,1,0,0.398594,0.3011461,0.398594
578,1,0,0.1302609,0.062087774,0.1302609
579,1,0,0.10940315,0.05291611,0.10940315
580,1,0,0.48827687,0.3751508,0.48827687
581,1,0,0.042594347,0.0128855705,0.042594347
582,1,0,0.20486656,0.084876776,0.20486656
583,1,0,0.11859039,0.04197061,0.11859039
584,1,0,0.14916387,0.056592464,0.14916387
585,1,0,0.24293919,0.106731355,0.24293919
586,1,0,0.055206552,0.021566689,0.055206552
587,1,0,0.043665096,0.01606208,0.043665096
588,1,0,0.041770987,0.015396893,0.041770987
589,1,0,0.04118979,0.015259564,0.04118979
590,1,0,0.06393231,0.025800705,0.06393231
591,1,0,0.049365077,0.018829107,0.049365077
592,1,0,0.04569182,0.016974807,0.04569182
593,1,0,0.048674658,0.018464804,0.048674658
594,1,0,0.062143307,0.024843752,0.062143307
595,2,7,0.5393717,0.45559102,0.5393717
596,2,6,0.60541445,0.61526185,0.61526185
597,2,6,0.6157641,0.47983372,0.6157641
598,2,6,0.7219967,0.5591272,0.7219967
599,2,3,0.73699313,0.6045308,0.73699313
600,2,3,0.39742082,0.20524585,0.39742082
601,2,3,0.5295369,0.3433144,0.5295369
602,2,6,0.59154284,0.4130364,0.59154284
603,2,6,0.56823206,0.33364797,0.56823206
604,2,6,0.7584247,0.58630127,0.7584247
605,2,1,0.4975489,0.37361193,0.4975489
606,2,1,0.4653737,0.41485167,0.4653737
607,2,1,0.44210643,0.32228965,0.44210643
608,2,6,0.5866882,0.5215911,0.5866882
609,2,1,0.48165032,0.5083029,0.5083029
610,2,6,0.49288142,0.5277679,0.5277679
611,2,6,0.4579162,0.3901947,0.4579162
612,2,6,0.40055305,0.28337336,0.40055305
613,2,6,0.5210991,0.47317612,0.5210991
614,2,6,0.44094288,0.26086676,0.44094288
615,2,6,0.3771256,0.20752972,0.3771256
616,2,6,0.4184156,0.28047478,0.4184156
617,2,6,0.3073373,0.16719371,0.3073373
618,2,6,0.33913478,0.20819116,0.33913478
619,2,6,0.4295054,0.32297635,0.4295054
620,2,5,0.4047503,0.29328626,0.4047503
621,2,5,0.29693225,0.15112895,0.29693225
622,2,5,0.41180357,0.25158507,0.41180357
623,2,5,0.1263032,0.049621046,0.1263032
624,2,5,0.2745982,0.13445711,0.2745982
625,2,5,0.117747165,0.04709983,0.117747165
626,2,5,0.24058682,0.12599164,0.24058682
627,2,5,0.49655187,0.39537263,0.49655187
628,2,7,0.3560242,0.28750813,0.3560242
629,2,7,0.21398793,0.13965678,0.21398793
630,2,5,0.24597423,0.14899677,0.24597423
631,2,5,0.37231025,0.27162397,0.37231025
632,2,5,0.39526552,0.30648088,0.39526552
633,2,5,0.46915656,0.33777076,0.46915656
634,2,6,0.42919967,0.24048126,0.42919967
635,2,6,0.31142643,0.1474734,0.31142643
636,2,6,0.3374216,0.18804872,0.3374216
637,2,5,0.55755776,0.5726866,0.5726866
638,2,6,0.5250666,0.468381,0.5250666
639,2,6,0.583163,0.41705275,0.583163
640,2,7,0.63769484,0.56754386,0.63769484
641,2,6,0.7123846,0.65798473,0.7123846
642,2,1,0.7232778,0.5579926,0.7232778
643,2,6,0.7199055,0.54791516,0.7199055
644,2,1,0.52351594,0.38756752,0.52351594
645,2,1,0.47457144,0.51258504,0.51258504
646,2,6,0.61907023,0.53882957,0.61907023
647,2,6,0.40737164,0.22849166,0.40737164
648,2,2,0.7188204,0.6234827,0.7188204
649,2,6,0.6008629,0.52119035,0.6008629
650,2,6,0.07952768,0.034838438,0.07952768
651,2,6,0.007460679,0.0019874573,0.007460679
652,2,6,0.06856609,0.024482489,0.06856609
653,2,6,0.01807267,0.0050851107,0.01807267
654,2,6,0.11130911,0.044709682,0.11130911
655,2,6,0.2829727,0.16725981,0.2829727
656,2,6,0.42148185,0.29891264,0.42148185
657,2,6,0.48576018,0.45331514,0.48576018
658,2,6,0.17429516,0.083834946,0.17429516
659,2,6,0.038427226,0.013011098,0.038427226
660,2,6,0.04902465,0.01590693,0.04902465
661,2,5,0.5100977,0.352044,0.5100977
662,2,5,0.34984195,0.21169454,0.34984195
663,2,5,0.72798693,0.6354035,0.72798693
664,2,3,0.709939,0.62006974,0.709939
665,2,3,0.67179286,0.56441265,0.67179286
666,2,3,0.78264546,0.74365824,0.78264546
667,2,2,0.7410778,0.68848556,0.7410778
668,2,5,0.6954951,0.5662878,0.6954951
669,2,5,0.60935265,0.52829385,0.60935265
670,2,5,0.6152876,0.47658467,0.6152876
671,2,4,0.42932206,0.44275588,0.44275588
672,2,4,0.53369343,0.46529126,0.53369343
673,2,4,0.58290184,0.481044,0.58290184
674,2,5,0.6761398,0.7172613,0.7172613
675,2,5,0.46014306,0.30746126,0.46014306
676,2,7,0.4661896,0.52901316,0.52901316
677,2,7,0.49664852,0.39141887,0.49664852
678,2,6,0.6552431,0.59590095,0.6552431
679,2,2,0.5454503,0.5178788,0.5454503
680,2,2,0.5145574,0.55266535,0.55266535
681,2,6,0.61870146,0.629941,0.629941
682,2,2,0.43490142,0.38398343,0.43490142
683,2,2,0.49164772,0.5452377,0.5452377
684,2,2,0.6875583,0.5938612,0.6875583
685,2,6,0.75993824,0.69167215,0.75993824
686,2,6,0.73459053,0.6301397,0.73459053
687,2,7,0.3522515,0.23625302,0.3522515
688,2,7,0.4606196,0.3235556,0.4606196
689,2,7,0.14386027,0.058809996,0.14386027
690,2,7,0.7520676,0.70011866,0.7520676
691,2,2,0.49340537,0.5139711,0.5139711
692,2,2,0.32253677,0.23639464,0.32253677
693,2,2,0.38599065,0.30313462,0.38599065
694,2,2,0.5473333,0.44532734,0.5473333
695,2,7,0.63878745,0.5147612,0.63878745
696,2,7,0.034746096,0.010942876,0.034746096
697,2,7,0.57516336,0.36072147,0.57516336
698,2,7,0.4792832,0.29793203,0.4792832
699,2,5,0.62466884,0.45068938,0.62466884
700,2,4,0.7111402,0.62622595,0.7111402
701,2,4,0.64654124,0.48816293,0.64654124
702,2,5,0.70513815,0.65299976,0.70513815
703,2,7,0.74374455,0.6847453,0.74374455
704,2,5,0.6104084,0.4681695,0.6104084
705,2,7,0.38649243,0.32300216,0.38649243
706,2,5,0.70613277,0.59944737,0.70613277
707,2,5,0.71564275,0.61572546,0.71564275
708,2,4,0.6333269,0.62248015,0.6333269
709,2,2,0.41179135,0.5082693,0.5082693
710,2,2,0.3400707,0.29734206,0.3400707
711,2,2,0.43378508,0.42862982,0.43378508
712,2,7,0.7124866,0.5902179,0.7124866
713,2,7,0.588143,0.38838357,0.588143
714,2,7,0.4354144,0.28337312,0.4354144
715,2,7,0.29694197,0.16605556,0.29694197
716,2,7,0.72044677,0.56436384,0.72044677
717,2,5,0.7999438,0.7238153,0.7999438
718,2,4,0.5619687,0.4640106,0.5619687
719,2,4,0.5913474,0.5115696,0.5913474
720,2,5,0.68739736,0.6507704,0.68739736
721,2,2,0.589194,0.4953006,0.589194
722,2,4,0.6864149,0.60205597,0.6864149
723,2,2,0.71518755,0.64924085,0.71518755
724,2,2,0.483276,0.4442293,0.483276
725,2,4,0.49027374,0.51656926,0.51656926
726,2,2,0.38228086,0.2882495,0.38228086
727,2,2,0.52524626,0.48797637,0.52524626
728,2,5,0.53320396,0.33417517,0.53320396
729,2,5,0.62477297,0.48755246,0.62477297
730,2,5,0.63229585,0.61876875,0.63229585
731,2,7,0.34513807,0.17541623,0.34513807
732,2,7,0.4341049,0.24360204,0.4341049
733,2,7,0.26387173,0.12888539,0.26387173
734,2,4,0.61943513,0.5793289,0.61943513
735,2,7,0.08951315,0.032064497,0.08951315
736,2,7,0.5408282,0.34698308,0.5408282
737,2,4,0.7298068,0.6497023,0.7298068
738,2,7,0.7714324,0.6752632,0.7714324
739,2,7,0.48351032,0.3036468,0.48351032
740,2,7,0.1790198,0.07432997,0.1790198
741,2,7,0.033732004,0.0101258755,0.033732004
742,2,7,0.024690446,0.0072509646,0.024690446
743,2,7,0.03993718,0.0134058,0.03993718
744,2,7,0.03135226,0.010269403,0.03135226
745,2,7,0.05011512,0.018499851,0.05011512
746,2,7,0.0155251175,0.004291177,0.0155251175
747,2,7,0.05934186,0.022183359,0.05934186
748,2,7,0.056983355,0.01822567,0.056983355
749,2,7,0.07959391,0.027726233,0.07959391
750,2,7,0.5392694,0.31836855,0.5392694
751,2,7,0.5265394,0.359729,0.5265394
752,2,5,0.6431629,0.5030926,0.6431629
753,2,2,0.7765488,0.6087712,0.7765488
754,2,7,0.75897914,0.5868676,0.75897914
755,2,2,0.77473366,0.6074929,0.77473366
756,2,2,0.4953951,0.38241768,0.4953951
757,2,5,0.7079699,0.65027684,0.7079699
758,2,3,0.6075379,0.5763626,0.6075379
759,2,5,0.6854888,0.65962946,0.6854888
760,2,7,0.6644707,0.58731955,0.6644707
761,2,7,0.25417203,0.12340164,0.25417203
762,2,7,0.063780986,0.020391166,0.063780986
763,2,7,0.074117884,0.025156736,0.074117884
764,2,7,0.1844225,0.07641691,0.1844225
765,2,7,0.15108742,0.059090197,0.15108742
766,2,7,0.18890896,0.07759625,0.18890896
767,2,7,0.32978606,0.16189307,0.32978606
768,2,7,0.35345358,0.18062508,0.35345358
769,2,7,0.07580597,0.02648288,0.07580597
770,2,7,0.049197193,0.015921235,0.049197193
771,2,7,0.086020924,0.032998204,0.086020924
772,2,7,0.019656362,0.0055353045,0.019656362
773,2,7,0.066240594,0.022133887,0.066240594
774,2,7,0.7500368,0.5829553,0.7500368
775,2,7,0.73327094,0.63251007,0.73327094
776,2,2,0.62674236,0.60278666,0.62674236
777,2,4,0.77072346,0.688403,0.77072346
778,2,7,0.729712,0.66241693,0.729712
779,2,7,0.4271316,0.23402119,0.4271316
780,2,7,0.33409587,0.19006795,0.33409587
781,2,7,0.11295415,0.048300445,0.11295415
782,2,5,0.64640117,0.51299673,0.64640117
783,2,5,0.6323032,0.41002822,0.6323032
784,2,5,0.49539223,0.4108901,0.49539223
785,2,5,0.5680792,0.55274665,0.5680792
786,2,5,0.6843552,0.6156914,0.6843552
787,2,5,0.735027,0.65474844,0.735027
788,2,7,0.6289369,0.4503669,0.6289369
789,2,7,0.39924258,0.2267453,0.39924258
790,2,7,0.1766788,0.079188645,0.1766788
791,2,7,0.073261976,0.026381552,0.073261976
792,2,7,0.050176084,0.015838802,0.050176084
793,2,7,0.08024008,0.027279854,0.08024008
794,2,7,0.046923175,0.014121354,0.046923175
795,2,7,0.16842149,0.064881384,0.16842149
796,2,7,0.10822646,0.039044738,0.10822646
797,2,7,0.093113855,0.032786906,0.093113855
798,2,7,0.037416458,0.0112015605,0.037416458
799,2,7,0.027565742,0.008171678,0.027565742
800,2,7,0.08943407,0.030556977,0.08943407
801,2,7,0.037039526,0.010994315,0.037039526
802,2,7,0.046641134,0.014580846,0.046641134
803,2,7,0.05292178,0.016803265,0.05292178
804,2,7,0.472805,0.48062605,0.48062605
805,2,5,0.5723,0.39427388,0.5723
806,2,5,0.6280858,0.43148327,0.6280858
807,2,5,0.72302055,0.53478336,0.72302055
808,2,2,0.69703025,0.6635618,0.69703025
809,2,2,0.66801083,0.5212486,0.66801083
810,2,1,0.61759824,0.48493946,0.61759824
811,2,1,0.51605165,0.3176797,0.51605165
812,2,1,0.7021265,0.5803592,0.7021265
813,2,1,0.54301125,0.41507554,0.54301125
814,2,1,0.3603076,0.23719805,0.3603076
815,2,1,0.80990887,0.69449264,0.80990887
816,2,1,0.58822924,0.4416753,0.58822924
817,2,1,0.39102137,0.28170812,0.39102137
818,2,1,0.29161972,0.1522581,0.29161972
819,2,1,0.58307546,0.44621402,0.58307546
820,2,4,0.63806283,0.58541954,0.63806283
821,2,4,0.67571515,0.57376194,0.67571515
822,2,4,0.66647035,0.50478697,0.66647035
823,2,5,0.7489536,0.7031624,0.7489536
824,2,5,0.22672752,0.1364454,0.22672752
825,2,5,0.21969979,0.124141455,0.21969979
826,2,5,0.31836966,0.2060616,0.31836966
827,2,5,0.33907333,0.19337314,0.33907333
828,2,5,0.4383232,0.28649098,0.4383232
829,2,5,0.48740852,0.2927755,0.48740852
830,2,5,0.3800737,0.20080698,0.3800737
831,2,5,0.24289992,0.11007619,0.24289992
832,2,5,0.20432262,0.08948207,0.20432262
833,2,5,0.1310749,0.051635087,0.1310749
834,2,5,0.15185268,0.06367087,0.15185268
835,2,5,0.1310586,0.05909252,0.1310586
836,2,5,0.11890544,0.050949693,0.11890544
837,2,5,0.11724528,0.047979236,0.11724528
838,2,5,0.015173721,0.004097402,0.015173721
839,2,5,0.07745624,0.027924716,0.07745624
840,2,5,0.34324536,0.4491161,0.4491161
841,2,5,0.32083303,0.29284644,0.32083303
842,2,7,0.3636568,0.5011121,0.5011121
843,2,5,0.33420315,0.39295,0.39295
844,2,5,0.28081164,0.1999805,0.28081164
845,2,5,0.31383112,0.17126733,0.31383112
846,2,5,0.31805158,0.1583063,0.31805158
847,2,5,0.7355299,0.520938,0.7355299
848,2,5,0.8436505,0.7283381,0.8436505
849,2,4,0.58207625,0.5794898,0.58207625
850,2,2,0.539444,0.5199553,0.539444
851,2,2,0.60247505,0.490462,0.60247505
852,2,2,0.6745625,0.673255,0.6745625
853,2,4,0.58055365,0.6288259,0.6288259
854,2,2,0.54219246,0.5356561,0.54219246
855,2,4,0.54562795,0.60369456,0.60369456
856,2,2,0.60977256,0.5989671,0.60977256
857,2,5,0.70514,0.6427948,0.70514
858,2,5,0.65534115,0.39982963,0.65534115
859,2,5,0.46380484,0.34613162,0.46380484
860,2,5,0.39798042,0.39370948,0.39798042
861,2,5,0.36745816,0.34654057,0.36745816
862,2,5,0.39614788,0.28829545,0.39614788
863,2,5,0.81020296,0.6554196,0.81020296
864,2,5,0.92156035,0.7612228,0.92156035
865,2,7,0.8667147,0.73651505,0.8667147
866,2,6,0.89242715,0.64924043,0.89242715
867,2,6,0.92309266,0.7209393,0.92309266
868,2,4,0.8894968,0.7104169,0.8894968
869,2,6,0.8419438,0.6646224,0.8419438
870,2,3,0.86455727,0.723446,0.86455727
871,2,6,0.54560214,0.46837586,0.54560214
872,2,6,0.53108954,0.3785392,0.53108954
873,2,6,0.47725832,0.42270112,0.47725832
874,2,6,0.77971023,0.518869,0.77971023
875,2,1,0.7755026,0.58781874,0.7755026
876,2,1,0.98284864,0.8242583,0.98284864
877,2,5,0.8507673,0.6260899,0.8507673
878,2,5,0.7711718,0.65155375,0.7711718
879,2,5,0.8478246,0.67093456,0.8478246
880,2,5,0.83698255,0.6063501,0.83698255
881,2,5,0.6492564,0.5470688,0.6492564
882,2,5,0.5039537,0.34311944,0.5039537
883,2,5,0.6971414,0.5257924,0.6971414
884,2,5,0.53547627,0.41263044,0.53547627
885,2,5,0.71013075,0.57816756,0.71013075
886,2,5,0.6217515,0.5745007,0.6217515
887,2,5,0.48758143,0.3746088,0.48758143
888,2,5,0.20611437,0.12691003,0.20611437
889,2,5,0.068854116,0.027873814,0.068854116
890,2,5,0.07835539,0.037025988,0.07835539
891,2,5,0.29375523,0.2486111,0.29375523
892,2,5,0.43727288,0.5217942,0.5217942
893,2,7,0.42900157,0.24783707,0.42900157
894,2,7,0.43290514,0.36173588,0.43290514
895,2,5,0.19185784,0.12490702,0.19185784
896,3,5,0.30148107,0.27824217,0.30148107
897,3,5,0.3431511,0.44062787,0.44062787
898,3,7,0.075997636,0.033145785,0.075997636
899,3,7,0.39387232,0.383542,0.39387232
900,3,5,0.46443275,0.35211945,0.46443275
901,3,5,0.4913159,0.35053563,0.4913159
902,3,5,0.56281537,0.49406123,0.56281537
903,3,5,0.6360322,0.53351015,0.6360322
904,3,3,0.6884594,0.6481068,0.6884594
905,3,7,0.68915445,0.54055536,0.68915445
906,3,5,0.6368772,0.55882055,0.6368772
907,3,7,0.71135557,0.6069464,0.71135557
908,3,5,0.40283972,0.3501464,0.40283972
909,3,7,0.39904338,0.33804822,0.39904338
910,3,7,0.18090114,0.09467828,0.18090114
911,3,7,0.38427323,0.2701196,0.38427323
912,3,7,0.47840938,0.46976107,0.47840938
913,3,6,0.6429996,0.5366229,0.6429996
914,3,6,0.42167372,0.31833464,0.42167372
915,3,1,0.20140506,0.117934465,0.20140506
916,3,1,0.026212335,0.008384287,0.026212335
917,3,1,0.0014936595,0.00030601025,0.0014936595
918,3,1,0.00625372,0.0015356541,0.00625372
919,3,1,0.55491775,0.5511685,0.55491775
920,3,7,0.39707574,0.25838917,0.39707574
921,3,7,0.40163034,0.29499614,0.40163034
922,3,5,0.4129965,0.43814206,0.43814206
923,3,5,0.45886904,0.48763144,0.48763144
924,3,5,0.3800702,0.27853918,0.3800702
925,3,5,0.32795686,0.20242131,0.32795686
926,3,5,0.37533763,0.39263707,0.39263707
927,3,5,0.15044901,0.066425025,0.15044901
928,3,5,0.17645599,0.08343303,0.17645599
929,3,5,0.15502371,0.06528598,0.15502371
930,3,5,0.19316559,0.08246988,0.19316559
931,3,5,0.45403543,0.26875913,0.45403543
932,3,5,0.6192628,0.45452458,0.6192628
933,3,6,0.48374403,0.31685776,0.48374403
934,3,6,0.15550056,0.06483781,0.15550056
935,3,6,0.19832145,0.085234106,0.19832145
936,3,6,0.4318434,0.21582615,0.4318434
937,3,6,0.13573326,0.05492133,0.13573326
938,3,3,0.2845788,0.1450594,0.2845788
939,3,3,0.39536715,0.23053157,0.39536715
940,3,6,0.558891,0.42151207,0.558891
941,3,3,0.4498475,0.40693033,0.4498475
942,3,3,0.5010881,0.51215696,0.51215696
943,3,3,0.21559615,0.100429595,0.21559615
944,3,3,0.33544648,0.18325198,0.33544648
945,3,6,0.55638933,0.5472251,0.55638933
946,3,3,0.5239094,0.36075944,0.5239094
947,3,6,0.6779518,0.64689016,0.6779518
948,3,6,0.25966376,0.1301732,0.25966376
949,3,6,0.64460737,0.5300503,0.64460737
950,3,6,0.6197742,0.46843314,0.6197742
951,3,3,0.59823775,0.5303242,0.59823775
952,3,3,0.4327302,0.33779454,0.4327302
953,3,3,0.24970613,0.118988335,0.24970613
954,3,3,0.46676195,0.2944904,0.46676195
955,3,3,0.35254446,0.18316841,0.35254446
956,3,6,0.5329801,0.37428433,0.5329801
957,3,6,0.42580026,0.320301,0.42580026
958,3,6,0.3015954,0.15721047,0.3015954
959,3,6,0.47693762,0.3204754,0.47693762
960,3,6,0.5349183,0.4204588,0.5349183
961,3,6,0.5341557,0.40006763,0.5341557
962,3,6,0.41549352,0.3008986,0.41549352
963,3,6,0.49002317,0.37274474,0.49002317
964,3,6,0.56877226,0.5579972,0.56877226
965,3,6,0.6363858,0.43659884,0.6363858
966,3,6,0.67918205,0.60412645,0.67918205
967,3,6,0.5374599,0.3290059,0.5374599
968,3,6,0.42139268,0.2327624,0.42139268
969,3,6,0.5458044,0.36488593,0.5458044
970,3,6,0.7144257,0.6645748,0.7144257
971,3,1,0.61150074,0.5481731,0.61150074
972,3,6,0.6704861,0.56406546,0.6704861
973,3,6,0.5761969,0.4800166,0.5761969
974,3,5,0.67356044,0.625999,0.67356044
975,3,3,0.6009437,0.54055935,0.6009437
976,3,3,0.19727,0.09792143,0.19727
977,3,3,0.013447684,0.0034902692,0.013447684
978,3,3,0.016416797,0.0043298006,0.016416797
979,3,3,0.12834208,0.050154805,0.12834208
980,3,3,0.6914419,0.60333335,0.6914419
981,3,6,0.6383505,0.5297,0.6383505
982,3,6,0.6326436,0.52756137,0.6326436
983,3,6,0.6947062,0.5637758,0.6947062
984,3,6,0.7415301,0.6519887,0.7415301
985,3,1,0.6850273,0.66659117,0.6850273
986,3,6,0.65761244,0.47621858,0.65761244
987,3,6,0.64803255,0.61957,0.64803255
988,3,6,0.6380451,0.5072439,0.6380451
989,3,6,0.6140247,0.5423763,0.6140247
990,3,6,0.75306374,0.6626693,0.75306374
991,3,3,0.5017377,0.30727082,0.5017377
992,3,3,0.53700334,0.31789422,0.53700334
993,3,6,0.69196904,0.63733035,0.69196904
994,3,3,0.70388407,0.58921933,0.70388407
995,3,3,0.7433518,0.69688654,0.7433518
996,3,3,0.5971478,0.5624039,0.5971478
997,3,3,0.21497935,0.10663718,0.21497935
998,3,3,0.0121211475,0.0033875108,0.0121211475
999,3,3,0.0061437385,0.0015081167,0.0061437385
1000,3,3,0.006490598,0.0015967488,0.006490598
1001,3,3,0.007203299,0.0017121434,0.007203299
1002,3,3,0.010013916,0.002623558,0.010013916
1003,3,3,0.031010479,0.0091638565,0.031010479
1004,3,3,0.042248663,0.013581455,0.042248663
1005,3,3,0.2197008,0.09859544,0.2197008
1006,3,3,0.36166343,0.19661552,0.36166343
1007,3,6,0.7163607,0.6243677,0.7163607
1008,3,3,0.5804574,0.5270312,0.5804574
1009,3,3,0.64204997,0.5433713,0.64204997
1010,3,3,0.31865945,0.15169203,0.31865945
1011,3,3,0.24679488,0.10814965,0.24679488
1012,3,3,0.4957762,0.2668149,0.4957762
1013,3,3,0.6679901,0.44609362,0.6679901
1014,3,6,0.8370261,0.729357,0.8370261
1015,3,3,0.73598623,0.68844604,0.73598623
1016,3,6,0.71673715,0.6712023,0.71673715
1017,3,6,0.6409461,0.5150832,0.6409461
1018,3,3,0.66506505,0.6238079,0.66506505
1019,3,3,0.29439178,0.1428659,0.29439178
1020,3,3,0.6852439,0.5547088,0.6852439
1021,3,6,0.7173081,0.57588494,0.7173081
1022,3,6,0.7111209,0.6259066,0.7111209
1023,3,6,0.74167013,0.53171384,0.74167013
1024,3,6,0.71333784,0.48616827,0.71333784
1025,3,6,0.7598963,0.6029949,0.7598963
1026,3,1,0.6861116,0.588452,0.6861116
1027,3,6,0.66900116,0.5560192,0.66900116
1028,3,1,0.62414783,0.5482459,0.62414783
1029,3,6,0.6557516,0.5849713,0.6557516
1030,3,1,0.5902977,0.58098125,0.5902977
1031,3,1,0.62310266,0.48645532,0.62310266
1032,3,1,0.7104075,0.53918695,0.7104075
1033,3,1,0.8314465,0.66781414,0.8314465
1034,3,3,0.7355532,0.57495034,0.7355532
1035,3,3,0.2582748,0.112030685,0.2582748
1036,3,3,0.3481826,0.1713996,0.3481826
1037,3,3,0.5639443,0.38091493,0.5639443
1038,3,3,0.53841084,0.34617394,0.53841084
1039,3,3,0.5425015,0.3666978,0.5425015
1040,3,6,0.7243751,0.60295856,0.7243751
1041,3,3,0.66705394,0.49823886,0.66705394
1042,3,3,0.4191278,0.24741548,0.4191278
1043,3,6,0.6443974,0.57560694,0.6443974
1044,3,3,0.57523745,0.4061647,0.57523745
1045,3,3,0.607334,0.47051227,0.607334
1046,3,3,0.2557938,0.12605906,0.2557938
1047,3,3,0.03579707,0.011421442,0.03579707
1048,3,3,0.02949467,0.008516014,0.02949467
1049,3,3,0.16503417,0.066404045,0.16503417
1050,3,3,0.4517503,0.2557451,0.4517503
1051,3,3,0.33051997,0.18621832,0.33051997
1052,3,3,0.6623414,0.53732544,0.6623414
1053,3,3,0.6664238,0.40230447,0.6664238
1054,3,3,0.6383272,0.40914983,0.6383272
1055,3,3,0.72451955,0.54864526,0.72451955
1056,3,3,0.7063142,0.5268011,0.7063142
1057,3,5,0.78152966,0.625334,0.78152966
1058,3,7,0.90211904,0.7658145,0.90211904
1059,3,6,0.8170512,0.7051043,0.8170512
1060,3,7,0.7957002,0.6481347,0.7957002
1061,3,6,0.7461285,0.61822414,0.7461285
1062,3,6,0.728,0.5979576,0.728
1063,3,3,0.54435086,0.34426308,0.54435086
1064,3,3,0.41792953,0.21549362,0.41792953
1065,3,3,0.38229957,0.18293577,0.38229957
1066,3,3,0.06891282,0.02219814,0.06891282
1067,3,3,0.16400662,0.06107968,0.16400662
1068,3,3,0.2522726,0.11401695,0.2522726
1069,3,3,0.41836494,0.25458062,0.41836494
1070,3,3,0.46190217,0.28232777,0.46190217
1071,3,6,0.72599804,0.6036269,0.72599804
1072,3,3,0.55140024,0.40515083,0.55140024
1073,3,3,0.48810458,0.30933875,0.48810458
1074,3,3,0.4536929,0.29928404,0.4536929
1075,3,3,0.58404374,0.49334788,0.58404374
1076,3,3,0.65537715,0.5148318,0.65537715
1077,3,3,0.61995804,0.438586,0.61995804
1078,3,6,0.7140498,0.56523883,0.7140498
1079,3,6,0.63038564,0.51278675,0.63038564
1080,3,6,0.7092207,0.5587183,0.7092207
1081,3,6,0.7091758,0.57632333,0.7091758
1082,3,5,0.77431804,0.73601973,0.77431804
1083,3,3,0.5179192,0.31872094,0.5179192
1084,3,3,0.1395327,0.050948024,0.1395327
1085,3,3,0.040582635,0.011983812,0.040582635
1086,3,3,0.026762787,0.00750494,0.026762787
1087,3,3,0.117415935,0.048260093,0.117415935
1088,3,3,0.49377623,0.34944814,0.49377623
1089,3,5,0.54600614,0.37023312,0.54600614
1090,3,5,0.69142425,0.63724613,0.69142425
1091,3,5,0.7513794,0.5904819,0.7513794
1092,3,3,0.68222153,0.5045512,0.68222153
1093,3,3,0.7224669,0.5301664,0.7224669
1094,3,1,0.71971345,0.6932093,0.71971345
1095,3,6,0.7221505,0.6174306,0.7221505
1096,3,6,0.7865377,0.7071266,0.7865377
1097,3,6,0.77450955,0.6359662,0.77450955
1098,3,1,0.7808694,0.70776224,0.7808694
1099,3,6,0.7742346,0.6799177,0.7742346
1100,3,1,0.8210844,0.67687994,0.8210844
1101,3,3,0.67117834,0.5017135,0.67117834
1102,3,3,0.79698545,0.6925434,0.79698545
1103,3,3,0.69154435,0.51833737,0.69154435
1104,3,1,0.7459612,0.6919942,0.7459612
1105,3,1,0.7940847,0.74114203,0.7940847
1106,3,7,0.7451016,0.5460064,0.7451016
1107,3,7,0.8188138,0.7028341,0.8188138
1108,3,7,0.6716084,0.5101657,0.6716084
1109,3,6,0.75982976,0.6073107,0.75982976
1110,3,7,0.67094696,0.5131829,0.67094696
1111,3,7,0.7708427,0.58104575,0.7708427
1112,3,7,0.830002,0.6701398,0.830002
1113,3,5,0.5664816,0.39195234,0.5664816
1114,3,5,0.45015898,0.27421844,0.45015898
1115,3,5,0.24551348,0.12781477,0.24551348
1116,3,5,0.104021706,0.04939276,0.104021706
1117,3,5,0.367742,0.38837522,0.38837522
1118,3,5,0.5825493,0.5597582,0.5825493
1119,3,6,0.4883809,0.35339105,0.4883809
1120,3,6,0.53862166,0.4087342,0.53862166
1121,3,3,0.6120476,0.46202856,0.6120476
1122,3,3,0.64117813,0.48164183,0.64117813
1123,3,1,0.58957875,0.5498452,0.58957875
1124,3,3,0.5945621,0.48483604,0.5945621
1125,3,3,0.30829215,0.15110296,0.30829215
1126,3,3,0.42891842,0.31778097,0.42891842
1127,3,1,0.6698144,0.5391183,0.6698144
1128,3,1,0.43695432,0.26195973,0.43695432
1129,3,1,0.341621,0.17650425,0.341621
1130,3,1,0.55101943,0.39952958,0.55101943
1131,3,1,0.69593924,0.5470897,0.69593924
1132,3,1,0.6171139,0.5420597,0.6171139
1133,3,5,0.64922863,0.6120931,0.64922863
1134,3,5,0.58761287,0.53198504,0.58761287
1135,3,3,0.63151366,0.6033764,0.63151366
1136,3,1,0.5536399,0.41705638,0.5536399
1137,3,5,0.67067534,0.6366633,0.67067534
1138,3,1,0.49215397,0.34245044,0.49215397
1139,3,6,0.72926867,0.65931237,0.72926867
1140,3,6,0.6434267,0.43623227,0.6434267
1141,3,4,0.67007357,0.5828272,0.67007357
1142,3,2,0.5835847,0.45731258,0.5835847
1143,3,2,0.47051975,0.5371932,0.5371932
1144,3,2,0.64863855,0.5028777,0.64863855
1145,3,3,0.62265164,0.5318284,0.62265164
1146,3,5,0.11856637,0.044715226,0.11856637
1147,3,5,0.032480694,0.010231137,0.032480694
1148,3,5,0.10023884,0.03899938,0.10023884
1149,3,5,0.5261735,0.45557535,0.5261735
1150,3,7,0.50187725,0.53497016,0.53497016
1151,3,7,0.5446416,0.51868343,0.5446416
1152,3,6,0.6626458,0.54823315,0.6626458
1153,3,6,0.61118364,0.5606955,0.61118364
1154,3,6,0.80152124,0.653265,0.80152124
1155,3,5,0.4839233,0.29808444,0.4839233
1156,3,5,0.4851463,0.317923,0.4851463
1157,3,3,0.56499565,0.34407562,0.56499565
1158,3,3,0.57213676,0.3164944,0.57213676
1159,3,6,0.9409723,0.76005006,0.9409723
1160,3,5,0.939253,0.72833216,0.939253
1161,3,4,0.9067717,0.7275852,0.9067717
1162,3,5,0.8756169,0.741694,0.8756169
1163,3,7,0.6505998,0.5928755,0.6505998
1164,3,5,0.41094142,0.31237394,0.41094142
1165,3,5,0.37162778,0.25385183,0.37162778
1166,3,5,0.17435879,0.09712899,0.17435879
1167,3,5,0.5058671,0.357728,0.5058671
1168,3,5,0.65896875,0.5426381,0.65896875
1169,3,4,0.751068,0.6825988,0.751068
1170,3,4,0.7345912,0.53002477,0.7345912
1171,3,4,0.7769283,0.5732465,0.7769283
1172,3,4,0.7340317,0.56997097,0.7340317
1173,3,2,0.77532864,0.5975293,0.77532864
1174,3,4,0.8229131,0.6411367,0.8229131
1175,3,5,0.9234928,0.7446301,0.9234928
1176,3,5,0.9387272,0.7219685,0.9387272
1177,3,5,0.78872794,0.53132445,0.78872794
1178,3,5,0.62454444,0.41519415,0.62454444
1179,3,5,0.44393864,0.29587585,0.44393864
1180,3,5,0.47882044,0.30316818,0.47882044
1181,3,5,0.45876497,0.2729308,0.45876497
1182,3,5,0.5013618,0.30647284,0.5013618
1183,3,5,0.48751006,0.35757446,0.48751006
1184,3,5,0.3160033,0.16846156,0.3160033
1185,4,1,0.50090647,0.39070696,0.50090647
1186,4,1,0.42542058,0.29441005,0.42542058
1187,4,1,0.3849241,0.26713282,0.3849241
1188,4,1,0.47909087,0.49488825,0.49488825
1189,4,1,0.471951,0.52883816,0.52883816
1190,4,6,0.56104994,0.47383845,0.56104994
1191,4,6,0.6989854,0.5593121,0.6989854
1192,4,6,0.71258116,0.5960412,0.71258116
1193,4,6,0.694616,0.63347745,0.694616
1194,4,6,0.6360843,0.5356076,0.6360843
1195,4,7,0.7133946,0.55756974,0.7133946
1196,4,6,0.8045716,0.6101121,0.8045716
1197,4,6,0.7778067,0.6472018,0.7778067
1198,4,2,0.69067657,0.5654627,0.69067657
1199,4,6,0.73513836,0.6289082,0.73513836
1200,4,6,0.7289753,0.6174494,0.7289753
1201,4,6,0.6145131,0.4107769,0.6145131
1202,4,7,0.59360147,0.52464414,0.59360147
1203,4,6,0.44509488,0.2964964,0.44509488
1204,4,6,0.5333707,0.34460318,0.5333707
1205,4,6,0.4970025,0.28964794,0.4970025
1206,4,6,0.3476677,0.17585969,0.3476677
1207,4,6,0.498132,0.31232768,0.498132
1208,4,6,0.54236156,0.33163804,0.54236156
1209,4,6,0.4032714,0.334135,0.4032714
1210,4,1,0.39117837,0.34955508,0.39117837
1211,4,6,0.5005192,0.5383365,0.5383365
1212,4,6,0.46056598,0.36918598,0.46056598
1213,4,6,0.46540618,0.49931973,0.49931973
1214,4,6,0.523292,0.4538594,0.523292
1215,4,6,0.4447453,0.34915286,0.4447453
1216,4,6,0.4140255,0.24665767,0.4140255
1217,4,6,0.5890135,0.4305172,0.5890135
1218,4,6,0.60010177,0.46418095,0.60010177
1219,4,2,0.51526725,0.48884857,0.51526725
1220,4,2,0.41470587,0.35674912,0.41470587
1221,4,2,0.4310885,0.28798097,0.4310885
1222,4,2,0.5188382,0.41802436,0.5188382
1223,4,2,0.42088562,0.31237012,0.42088562
1224,4,2,0.3904064,0.28000402,0.3904064
1225,4,2,0.519366,0.39401418,0.519366
1226,4,5,0.5281596,0.5364312,0.5364312
1227,4,5,0.4632849,0.32124972,0.4632849
1228,4,5,0.36605442,0.22657079,0.36605442
1229,4,5,0.16771802,0.07696283,0.16771802
1230,4,5,0.48861986,0.303797,0.48861986
1231,4,5,0.40538892,0.23262298,0.40538892
1232,4,5,0.36908954,0.19470417,0.36908954
1233,4,5,0.0872697,0.032457173,0.0872697
1234,4,5,0.24727783,0.10816425,0.24727783
1235,4,5,0.45912987,0.25259662,0.45912987
1236,4,5,0.5060794,0.37112123,0.5060794
1237,4,3,0.7275929,0.6795173,0.7275929
1238,4,3,0.65324104,0.5724108,0.65324104
1239,4,3,0.48445126,0.34666926,0.48445126
1240,4,4,0.5412178,0.504364,0.5412178
1241,4,4,0.43593377,0.34911627,0.43593377
1242,4,4,0.38782048,0.31466013,0.38782048
1243,4,4,0.5115601,0.49402094,0.5115601
1244,4,5,0.28507066,0.13979095,0.28507066
1245,4,5,0.35059088,0.18298757,0.35059088
1246,4,5,0.42493305,0.2572543,0.42493305
1247,4,5,0.6118552,0.52222407,0.6118552
1248,4,2,0.55547714,0.4159031,0.55547714
1249,4,2,0.43604332,0.28328025,0.43604332
1250,4,2,0.48633748,0.35919946,0.48633748
1251,4,2,0.48942107,0.48956877,0.48956877
1252,4,3,0.2092629,0.10537243,0.2092629
1253,4,3,0.53227204,0.6205253,0.6205253
1254,4,4,0.5512819,0.6281523,0.6281523
1255,4,4,0.46721146,0.4714799,0.4714799
1256,4,4,0.315072,0.24214166,0.315072
1257,4,4,0.46577677,0.41973287,0.46577677
1258,4,2,0.52256215,0.40951538,0.52256215
1259,4,5,0.5978249,0.5128797,0.5978249
1260,4,5,0.36921537,0.22314185,0.36921537
1261,4,5,0.42484406,0.28332633,0.42484406
1262,4,5,0.4034169,0.23958051,0.4034169
1263,4,5,0.32874525,0.18142658,0.32874525
1264,4,5,0.48239902,0.3322816,0.48239902
1265,4,3,0.6393614,0.5984032,0.6393614
1266,4,4,0.54229593,0.53880274,0.54229593
1267,4,4,0.48003155,0.4517824,0.48003155
1268,4,4,0.5460261,0.57807374,0.57807374
1269,4,4,0.47888616,0.5327132,0.5327132
1270,4,4,0.51651585,0.5447608,0.5447608
1271,4,4,0.5358395,0.502141,0.5358395
1272,4,2,0.6344048,0.5740825,0.6344048
1273,4,4,0.43076685,0.5071056,0.5071056
1274,4,4,0.36125016,0.33777165,0.36125016
1275,4,4,0.397765,0.4071716,0.4071716
1276,4,4,0.35140842,0.37503153,0.37503153
1277,4,4,0.31561917,0.26086938,0.31561917
1278,4,4,0.37908792,0.25712073,0.37908792
1279,4,5,0.58077425,0.52537525,0.58077425
1280,4,5,0.3504785,0.18318188,0.3504785
1281,4,5,0.12092812,0.045991004,0.12092812
1282,4,5,0.11212489,0.041038454,0.11212489
1283,4,5,0.14645047,0.060365796,0.14645047
1284,4,5,0.52579165,0.39249945,0.52579165
1285,4,5,0.5664404,0.486835,0.5664404
1286,4,4,0.58885646,0.4837898,0.58885646
1287,4,4,0.39770678,0.26325375,0.39770678
1288,4,4,0.38453713,0.25672334,0.38453713
1289,4,4,0.55872375,0.55933046,0.55933046
1290,4,4,0.6039619,0.61637866,0.61637866
1291,4,4,0.6619776,0.7031462,0.7031462
1292,4,3,0.5943864,0.49650317,0.5943864
1293,4,4,0.6611481,0.64686364,0.6611481
1294,4,4,0.64011264,0.6491438,0.6491438
1295,4,5,0.61968803,0.6186526,0.61968803
1296,4,4,0.52785444,0.5065079,0.52785444
1297,4,4,0.6071202,0.64128435,0.64128435
1298,4,5,0.61416376,0.53494424,0.61416376
1299,4,4,0.58010757,0.5874504,0.5874504
1300,4,4,0.5822445,0.5299979,0.5822445
1301,4,4,0.5733529,0.4886592,0.5733529
1302,4,5,0.32922828,0.17757297,0.32922828
1303,4,5,0.42958972,0.30959392,0.42958972
1304,4,5,0.30697492,0.20115912,0.30697492
1305,4,5,0.47741768,0.39242953,0.47741768
1306,4,5,0.3669504,0.20665002,0.3669504
1307,4,4,0.62585586,0.61412823,0.62585586
1308,4,4,0.5825625,0.5749332,0.5825625
1309,4,4,0.56912,0.45305485,0.56912
1310,4,4,0.63501626,0.6042753,0.63501626
1311,4,4,0.54173666,0.40901393,0.54173666
1312,4,3,0.5628226,0.5169517,0.5628226
1313,4,5,0.6095015,0.5681602,0.6095015
1314,4,5,0.5720538,0.5166189,0.5720538
1315,4,5,0.63356906,0.59435326,0.63356906
1316,4,5,0.49088624,0.39072376,0.49088624
1317,4,5,0.6475081,0.5866176,0.6475081
1318,4,5,0.59369475,0.5642338,0.59369475
1319,4,5,0.6293035,0.5202185,0.6293035
1320,4,5,0.5235286,0.38565153,0.5235286
1321,4,5,0.4891151,0.42732692,0.4891151
1322,4,3,0.6204804,0.5827361,0.6204804
1323,4,4,0.6080053,0.5269364,0.6080053
1324,4,4,0.58624744,0.47987306,0.58624744
1325,4,4,0.5954406,0.53408706,0.5954406
1326,4,5,0.6516549,0.64928675,0.6516549
1327,4,5,0.64463985,0.6043822,0.64463985
1328,4,5,0.53445226,0.4451037,0.53445226
1329,4,5,0.54524374,0.5215523,0.54524374
1330,4,3,0.5218766,0.55323786,0.55323786
1331,4,5,0.5310256,0.43775183,0.5310256
1332,4,5,0.5979854,0.54647505,0.5979854
1333,4,4,0.45445913,0.31459266,0.45445913
1334,4,4,0.204157,0.12162459,0.204157
1335,4,4,0.2802523,0.19380814,0.2802523
1336,4,4,0.49840292,0.3976605,0.49840292
1337,4,4,0.5893638,0.58668846,0.5893638
1338,4,4,0.5812909,0.48162568,0.5812909
1339,4,5,0.58315074,0.46309114,0.58315074
1340,4,5,0.47472182,0.4209417,0.47472182
1341,4,5,0.560589,0.46930438,0.560589
1342,4,5,0.1846721,0.0879845,0.1846721
1343,4,5,0.3133858,0.19014221,0.3133858
1344,4,5,0.40136108,0.27603567,0.40136108
1345,4,5,0.31734893,0.18933356,0.31734893
1346,4,7,0.44123253,0.50331247,0.50331247
1347,4,5,0.4389976,0.29483885,0.4389976
1348,4,5,0.36952925,0.28144193,0.36952925
1349,4,5,0.4061642,0.24987501,0.4061642
1350,4,4,0.5212038,0.3753615,0.5212038
1351,4,4,0.6643666,0.66664135,0.66664135
1352,4,4,0.57499015,0.5922468,0.5922468
1353,4,5,0.53449726,0.35977393,0.53449726
1354,4,5,0.2086417,0.092056096,0.2086417
1355,4,5,0.3191399,0.17376596,0.3191399
1356,4,5,0.31481138,0.17327064,0.31481138
1357,4,5,0.4826537,0.333763,0.4826537
1358,4,5,0.6637181,0.6507274,0.6637181
1359,4,4,0.4620214,0.3390953,0.4620214
1360,4,4,0.5597581,0.4226328,0.5597581
1361,4,4,0.41573367,0.38010567,0.41573367
1362,4,4,0.5162357,0.38454837,0.5162357
1363,4,4,0.46206218,0.41570598,0.46206218
1364,4,4,0.46792886,0.39473957,0.46792886
1365,4,5,0.57388836,0.4653505,0.57388836
1366,4,5,0.4526536,0.29697967,0.4526536
1367,4,5,0.5182717,0.3837819,0.5182717
1368,4,5,0.6095963,0.52750945,0.6095963
1369,4,5,0.59743494,0.5211221,0.59743494
1370,4,5,0.5769997,0.5694859,0.5769997
1371,4,5,0.61386365,0.57796264,0.61386365
1372,4,5,0.57138103,0.4708718,0.57138103
1373,4,5,0.45538673,0.34058344,0.45538673
1374,4,5,0.15199703,0.06784296,0.15199703
1375,4,5,0.26743543,0.13785589,0.26743543
1376,4,5,0.24892889,0.1253882,0.24892889
1377,4,5,0.39629883,0.20745957,0.39629883
1378,4,5,0.33873016,0.2032066,0.33873016
1379,4,5,0.46258643,0.37869877,0.46258643
1380,4,5,0.61914223,0.6295705,0.6295705
1381,4,4,0.61515427,0.5849211,0.61515427
1382,4,4,0.6375914,0.5977217,0.6375914
1383,4,4,0.55050313,0.48142153,0.55050313
1384,4,3,0.53405935,0.48820627,0.53405935
1385,4,3,0.5512731,0.57594734,0.57594734
1386,4,3,0.5192466,0.57906586,0.57906586
1387,4,4,0.54540455,0.56135976,0.56135976
1388,4,4,0.5554174,0.4622386,0.5554174
1389,4,4,0.5989046,0.50195706,0.5989046
1390,4,4,0.5901007,0.47502548,0.5901007
1391,4,4,0.54818356,0.41914612,0.54818356
1392,4,4,0.53528994,0.4032495,0.53528994
1393,4,4,0.49711138,0.36619645,0.49711138
1394,4,4,0.5737625,0.45419466,0.5737625
1395,4,4,0.6283464,0.5555347,0.6283464
1396,4,5,0.6215091,0.6401241,0.6401241
1397,4,5,0.34605715,0.22869313,0.34605715
1398,4,5,0.30184945,0.17103893,0.30184945
1399,4,5,0.47179118,0.35893488,0.47179118
1400,4,3,0.6534634,0.6341964,0.6534634
1401,4,2,0.4095823,0.3047338,0.4095823
1402,4,4,0.41004667,0.34802812,0.41004667
1403,4,2,0.53098494,0.4807691,0.53098494
1404,4,2,0.43582755,0.45171803,0.45171803
1405,4,2,0.513354,0.36195177,0.513354
1406,4,1,0.70561504,0.6566344,0.70561504
1407,4,4,0.7863856,0.67748153,0.7863856
1408,4,3,0.70971406,0.5245931,0.70971406
1409,4,3,0.7835439,0.737508,0.7835439
1410,4,4,0.5862062,0.5735279,0.5862062
1411,4,4,0.3690238,0.28200775,0.3690238
1412,4,4,0.41327205,0.33364522,0.41327205
1413,4,4,0.32077184,0.24321687,0.32077184
1414,4,4,0.42799905,0.4518907,0.4518907
1415,4,2,0.511197,0.5486561,0.5486561
1416,4,4,0.47649318,0.47877038,0.47877038
1417,4,2,0.49082553,0.49564958,0.49564958
1418,4,4,0.508339,0.55227363,0.55227363
1419,4,4,0.44070405,0.5029197,0.5029197
1420,4,4,0.51831275,0.50032365,0.51831275
1421,4,5,0.55356115,0.44749486,0.55356115
1422,4,3,0.5249121,0.5634999,0.5634999
1423,4,5,0.40326732,0.31467992,0.40326732
1424,4,3,0.53084064,0.54321057,0.54321057
1425,4,2,0.6787353,0.66771746,0.6787353
1426,4,2,0.51564103,0.38676864,0.51564103
1427,4,2,0.6354001,0.5693031,0.6354001
1428,4,2,0.4953986,0.31224144,0.4953986
1429,4,4,0.6480791,0.6599488,0.6599488
1430,4,2,0.56471384,0.46767426,0.56471384
1431,4,2,0.5507869,0.49007684,0.5507869
1432,4,4,0.63931805,0.6087575,0.63931805
1433,4,4,0.6345469,0.61821604,0.6345469
1434,4,2,0.5947796,0.46151143,0.5947796
1435,4,2,0.44253495,0.31306654,0.44253495
1436,4,2,0.35847887,0.2903149,0.35847887
1437,4,2,0.44606996,0.2863077,0.44606996
1438,4,2,0.5547236,0.3831675,0.5547236
1439,4,2,0.662222,0.45736277,0.662222
1440,4,2,0.72994447,0.6008092,0.72994447
1441,4,3,0.81405497,0.630535,0.81405497
1442,4,5,0.97680736,0.80373853,0.97680736
1443,4,5,0.43590528,0.33055896,0.43590528
1444,4,5,0.22336455,0.15255219,0.22336455
1445,4,5,0.3300776,0.39969546,0.39969546
1446,4,5,0.24642082,0.19884485,0.24642082
1447,4,7,0.47173142,0.48474944,0.48474944
1448,4,0,0.7278974,0.66433585,0.7278974
1449,4,7,0.7040817,0.5865648,0.7040817
1450,4,7,0.66796833,0.5423645,0.66796833
1451,4,7,0.37286606,0.2313245,0.37286606
1452,4,7,0.30479673,0.22840011,0.30479673
1453,4,7,0.28935662,0.18744546,0.28935662
1454,4,7,0.4081065,0.26214033,0.4081065
1455,4,7,0.44388327,0.27915186,0.44388327
1456,4,7,0.50781614,0.3689897,0.50781614
1457,4,7,0.6593301,0.5311159,0.6593301
1458,4,7,0.78999907,0.7082474,0.78999907
1459,4,4,0.7558771,0.56660557,0.7558771
1460,4,4,0.807275,0.6547556,0.807275
1461,4,4,0.8165823,0.68612885,0.8165823
1462,4,4,0.8317774,0.6852988,0.8317774
1463,4,5,0.8565072,0.6032378,0.8565072
1464,4,5,0.7348501,0.49170506,0.7348501
1465,4,0,0.7823679,0.6582309,0.7823679
1466,4,5,0.8668217,0.6306161,0.8668217
1467,4,5,0.86421573,0.62038755,0.86421573
1468,4,5,0.5523757,0.31624907,0.5523757
1469,4,5,0.4841353,0.2755201,0.4841353
1470,4,5,0.53853583,0.4003157,0.53853583
1471,4,5,0.6308592,0.45675212,0.6308592
1472,4,5,0.47744012,0.30715388,0.47744012
1473,5,0,0.0943161,0.040831923,0.0943161
1474,5,0,0.09691728,0.04103297,0.09691728
1475,5,0,0.10149622,0.044262886,0.10149622
1476,5,0,0.1873374,0.09470397,0.1873374
1477,5,0,0.22136484,0.118780494,0.22136484
1478,5,0,0.39659846,0.3223893,0.39659846
1479,5,5,0.43792492,0.3479293,0.43792492
1480,5,5,0.47725073,0.32097393,0.47725073
1481,5,5,0.77487206,0.6556159,0.77487206
1482,5,6,0.8973556,0.6799946,0.8973556
1483,5,6,0.8748228,0.66409045,0.8748228
1484,5,3,0.80908954,0.6388668,0.80908954
1485,5,3,0.93464917,0.76536846,0.93464917
1486,5,7,0.7120639,0.57795405,0.7120639
1487,5,7,0.5891277,0.4429347,0.5891277
1488,5,7,0.17600636,0.07926577,0.17600636
1489,5,7,0.13960914,0.06323832,0.13960914
1490,5,7,0.2593716,0.15139431,0.2593716
1491,5,7,0.37152663,0.26492345,0.37152663
1492,5,7,0.17268944,0.09613407,0.17268944
1493,5,7,0.18714769,0.11024994,0.18714769
1494,5,7,0.11251376,0.056201994,0.11251376
1495,5,7,0.06100239,0.022558391,0.06100239
1496,5,7,0.11507757,0.04930061,0.11507757
1497,5,7,0.31488708,0.17020619,0.31488708
1498,5,7,0.6107549,0.6099511,0.6107549
1499,5,7,0.28459913,0.14918333,0.28459913
1500,5,7,0.5314377,0.5931785,0.5931785
1501,5,7,0.48051697,0.4241925,0.48051697
1502,5,6,0.49729815,0.54217255,0.54217255
1503,5,6,0.5700128,0.46815705,0.5700128
1504,5,6,0.5411564,0.4206509,0.5411564
1505,5,6,0.5430354,0.390665,0.5430354
1506,5,5,0.5779579,0.52324855,0.5779579
1507,5,6,0.66990083,0.6420889,0.66990083
1508,5,5,0.5447728,0.43302304,0.5447728
1509,5,7,0.5225789,0.5272826,0.5272826
1510,5,5,0.49073553,0.38428807,0.49073553
1511,5,5,0.527829,0.37395656,0.527829
1512,5,5,0.35292405,0.19788522,0.35292405
1513,5,5,0.20633407,0.087801516,0.20633407
1514,5,5,0.5674705,0.47416836,0.5674705
1515,5,4,0.5433873,0.4878853,0.5433873
1516,5,4,0.38997823,0.24264252,0.38997823
1517,5,4,0.5244659,0.33825344,0.5244659
1518,5,4,0.55653316,0.33958846,0.55653316
1519,5,4,0.66277355,0.5916943,0.66277355
1520,5,4,0.6302241,0.45833182,0.6302241
1521,5,7,0.15723003,0.06512207,0.15723003
1522,5,7,0.66074526,0.49673474,0.66074526
1523,5,7,0.39747503,0.26722068,0.39747503
1524,5,5,0.6201438,0.5643618,0.6201438
1525,5,5,0.56334174,0.5758192,0.5758192
1526,5,3,0.6465499,0.5411828,0.6465499
1527,5,3,0.40700245,0.23785865,0.40700245
1528,5,3,0.17222755,0.07353252,0.17222755
1529,5,3,0.27637523,0.15129453,0.27637523
1530,5,3,0.3912546,0.28687292,0.3912546
1531,5,3,0.3163425,0.20005822,0.3163425
1532,5,5,0.6266599,0.48588872,0.6266599
1533,5,5,0.50414616,0.48973167,0.50414616
1534,5,1,0.56948406,0.45370096,0.56948406
1535,5,5,0.73317933,0.50812685,0.73317933
1536,5,5,0.40699187,0.22525495,0.40699187
1537,5,5,0.20267281,0.098937035,0.20267281
1538,5,5,0.31855503,0.16159648,0.31855503
1539,5,7,0.67738646,0.6568762,0.67738646
1540,5,6,0.51962036,0.40997905,0.51962036
1541,5,7,0.4449265,0.29820275,0.4449265
1542,5,6,0.68454975,0.60593146,0.68454975
1543,5,7,0.78821814,0.5732964,0.78821814
1544,5,5,0.5585993,0.4729424,0.5585993
1545,5,5,0.30243823,0.17674792,0.30243823
1546,5,7,0.37288904,0.42215282,0.42215282
1547,5,5,0.3372866,0.31148446,0.3372866
1548,5,5,0.3742269,0.40959537,0.40959537
1549,5,7,0.45212168,0.4152907,0.45212168
1550,5,7,0.26562428,0.16114408,0.26562428
1551,5,7,0.46841255,0.42307663,0.46841255
1552,5,5,0.5183782,0.5111959,0.5183782
1553,5,5,0.25348115,0.1571402,0.25348115
1554,5,5,0.41423777,0.2938813,0.41423777
1555,5,7,0.6034157,0.6050508,0.6050508
1556,5,7,0.60085726,0.64154375,0.64154375
1557,5,7,0.6109328,0.56430614,0.6109328
1558,5,6,0.58916616,0.58334535,0.58916616
1559,5,7,0.5575906,0.41801274,0.5575906
1560,5,6,0.5641626,0.56136715,0.5641626
1561,5,7,0.6292854,0.56325054,0.6292854
1562,5,7,0.6098643,0.5429885,0.6098643
1563,5,5,0.5979071,0.61161953,0.61161953
1564,5,5,0.4413117,0.31686383,0.4413117
1565,5,5,0.16926737,0.08800423,0.16926737
1566,5,5,0.112248145,0.05323851,0.112248145
1567,5,5,0.087254554,0.041679442,0.087254554
1568,5,5,0.094068415,0.048069358,0.094068415
1569,5,5,0.043236647,0.017718077,0.043236647
1570,5,5,0.029372057,0.01094681,0.029372057
1571,5,5,0.023814775,0.008509576,0.023814775
1572,5,5,0.031783428,0.012196302,0.031783428
1573,5,5,0.020492451,0.0071482062,0.020492451
1574,5,5,0.1574333,0.09971309,0.1574333
1575,5,5,0.06677854,0.031010509,0.06677854
1576,5,5,0.035835747,0.014114857,0.035835747
1577,5,5,0.0131442305,0.004209161,0.0131442305
1578,5,5,0.010196999,0.0030902028,0.010196999
1579,5,5,0.07313673,0.032829642,0.07313673
1580,5,5,0.32455125,0.2885149,0.32455125
1581,5,5,0.32977194,0.31085116,0.32977194
1582,5,7,0.3891546,0.46592802,0.46592802
1583,5,5,0.057250198,0.023943424,0.057250198
1584,5,5,0.0199271,0.0068645477,0.0199271
1585,5,5,0.008107052,0.0023728013,0.008107052
1586,5,5,0.0031268431,0.0007917285,0.0031268431
1587,5,5,0.0039348886,0.0010201335,0.0039348886
1588,5,5,0.018102648,0.006076038,0.018102648
1589,5,5,0.012745474,0.0039924383,0.012745474
1590,5,5,0.004521308,0.0011979342,0.004521308
1591,5,5,0.0062101716,0.001725316,0.0062101716
1592,5,5,0.00334222,0.0008517504,0.00334222
1593,5,5,0.0036012721,0.0009139776,0.0036012721
1594,5,5,0.0074349064,0.0021169782,0.0074349064
1595,5,5,0.0051129228,0.0013605952,0.0051129228
1596,5,5,0.008972208,0.0026501417,0.008972208
1597,5,5,0.005445007,0.0014902949,0.005445007
1598,5,5,0.0058808844,0.0016403794,0.0058808844
1599,5,5,0.011536487,0.0035945177,0.011536487
1600,5,5,0.031038582,0.011512995,0.031038582
1601,5,5,0.05878225,0.025305927,0.05878225
1602,5,5,0.07969388,0.03697747,0.07969388
1603,5,5,0.028810132,0.010267913,0.028810132
1604,5,5,0.020985857,0.0072249174,0.020985857
1605,5,5,0.0047077,0.0012509823,0.0047077
1606,5,5,0.008685045,0.0025581121,0.008685045
1607,5,5,0.005284598,0.0014114976,0.005284598
1608,5,5,0.008654832,0.0025039315,0.008654832
1609,5,5,0.016060542,0.0051659346,0.016060542
1610,5,5,0.06990269,0.029937685,0.06990269
1611,5,5,0.047962353,0.01906097,0.047962353
1612,5,5,0.05075538,0.019596934,0.05075538
1613,5,5,0.2108304,0.1050629,0.2108304
1614,5,5,0.22955307,0.11777556,0.22955307
1615,5,5,0.08497577,0.033887506,0.08497577
1616,5,5,0.030020764,0.010289729,0.030020764
1617,5,5,0.017242396,0.0053213835,0.017242396
1618,5,5,0.056911677,0.021554232,0.056911677
1619,5,5,0.11281799,0.051566243,0.11281799
1620,5,5,0.07040977,0.02754873,0.07040977
1621,5,5,0.074445315,0.027564466,0.074445315
1622,5,5,0.023145124,0.0071784854,0.023145124
1623,5,5,0.029663429,0.009539604,0.029663429
1624,5,5,0.026432412,0.009005129,0.026432412
1625,5,5,0.029165797,0.009848297,0.029165797
1626,5,5,0.20333326,0.103606224,0.20333326
1627,5,5,0.1466223,0.07373357,0.1466223
1628,5,5,0.10702043,0.047787547,0.10702043
1629,5,5,0.09010528,0.038701832,0.09010528
1630,5,5,0.10512648,0.044320226,0.10512648
1631,5,5,0.1189083,0.051523924,0.1189083
1632,5,5,0.13591272,0.062251866,0.13591272
1633,5,5,0.050137766,0.017935634,0.050137766
1634,5,5,0.06810011,0.027182877,0.06810011
1635,5,5,0.036676582,0.013982952,0.036676582
1636,5,5,0.034773696,0.012989044,0.034773696
1637,5,5,0.09968623,0.049770415,0.09968623
1638,5,5,0.06442676,0.026282668,0.06442676
1639,5,5,0.26923424,0.16110379,0.26923424
1640,5,5,0.09102337,0.038495243,0.09102337
1641,5,5,0.1189488,0.0512743,0.1189488
1642,5,5,0.06410067,0.02371931,0.06410067
1643,5,5,0.037148565,0.01286453,0.037148565
1644,5,5,0.09027987,0.037424564,0.09027987
1645,5,5,0.07229893,0.028378248,0.07229893
1646,5,5,0.02878217,0.009331644,0.02878217
1647,5,5,0.023744877,0.007444203,0.023744877
1648,5,5,0.014785841,0.004336059,0.014785841
1649,5,5,0.028672088,0.009766579,0.028672088
1650,5,5,0.05042346,0.019895554,0.05042346
1651,5,5,0.19162992,0.09788883,0.19162992
1652,5,5,0.11449786,0.049078643,0.11449786
1653,5,5,0.039006855,0.014503896,0.039006855
1654,5,5,0.0072306297,0.0020096302,0.0072306297
1655,5,5,0.0037432937,0.00096309185,0.0037432937
1656,5,5,0.004926453,0.0013088584,0.004926453
1657,5,5,0.013946725,0.0044329762,0.013946725
1658,5,5,0.032596726,0.012251735,0.032596726
1659,5,5,0.042695962,0.016323745,0.042695962
1660,5,5,0.07403056,0.03369099,0.07403056
1661,5,5,0.106146075,0.052779675,0.106146075
1662,5,5,0.13334873,0.07153684,0.13334873
1663,5,5,0.1874255,0.1084255,0.1874255
1664,5,5,0.19577199,0.096623,0.19577199
1665,5,5,0.17736724,0.085624814,0.17736724
1666,5,5,0.07504324,0.03247583,0.07504324
1667,5,5,0.030163582,0.010491729,0.030163582
1668,5,5,0.015395948,0.0048028827,0.015395948
1669,5,5,0.06271145,0.025742352,0.06271145
1670,5,5,0.1380682,0.066103995,0.1380682
1671,5,5,0.10462407,0.045806944,0.10462407
1672,5,5,0.35430908,0.24297053,0.35430908
1673,5,5,0.20985849,0.11955923,0.20985849
1674,5,5,0.042970322,0.016487896,0.042970322
1675,5,5,0.0933957,0.038980007,0.0933957
1676,5,5,0.05352949,0.021163046,0.05352949
1677,5,5,0.03777786,0.014620364,0.03777786
1678,5,5,0.084090814,0.040812016,0.084090814
1679,5,5,0.08577176,0.040643454,0.08577176
1680,5,5,0.10188287,0.04958123,0.10188287
1681,5,5,0.19541079,0.10227239,0.19541079
1682,5,5,0.29636267,0.16548246,0.29636267
1683,5,5,0.29646927,0.15186298,0.29646927
1684,5,5,0.23538013,0.112009406,0.23538013
1685,5,5,0.05132358,0.019191861,0.05132358
1686,5,5,0.03016406,0.010839045,0.03016406
1687,5,5,0.017416904,0.005415976,0.017416904
1688,5,5,0.04815639,0.018729687,0.04815639
1689,5,5,0.028149078,0.009913385,0.028149078
1690,5,5,0.058786534,0.024127483,0.058786534
1691,5,5,0.08821964,0.038936973,0.08821964
1692,5,5,0.24653363,0.16330075,0.24653363
1693,5,5,0.40000626,0.33377093,0.40000626
1694,5,7,0.5570969,0.40676832,0.5570969
1695,5,7,0.58695257,0.39351273,0.58695257
1696,5,7,0.20631856,0.12213892,0.20631856
1697,5,7,0.23761089,0.15963644,0.23761089
1698,5,5,0.34152868,0.42537266,0.42537266
1699,5,5,0.18353106,0.11603683,0.18353106
1700,5,5,0.13028207,0.062256813,0.13028207
1701,5,5,0.14811063,0.07941371,0.14811063
1702,5,5,0.21672924,0.13445222,0.21672924
1703,5,5,0.20931013,0.10635519,0.20931013
1704,5,5,0.29329458,0.1590764,0.29329458
1705,5,3,0.7764714,0.6936363,0.7764714
1706,5,3,0.8058693,0.6872689,0.8058693
1707,5,3,0.5080384,0.314319,0.5080384
1708,5,5,0.6610376,0.53810906,0.6610376
1709,5,5,0.40964708,0.27287483,0.40964708
1710,5,5,0.3283723,0.1723752,0.3283723
1711,5,5,0.22785352,0.13743114,0.22785352
1712,5,7,0.40089193,0.4411922,0.4411922
1713,5,7,0.39983028,0.40144503,0.40144503
1714,5,5,0.43183017,0.43487358,0.43487358
1715,5,5,0.4025533,0.33605063,0.4025533
1716,5,5,0.3529171,0.21949333,0.3529171
1717,5,5,0.4263237,0.26287913,0.4263237
1718,5,7,0.52773494,0.40595275,0.52773494
1719,5,3,0.7266608,0.6810124,0.7266608
1720,5,5,0.5825554,0.5919318,0.5919318
1721,5,7,0.6773025,0.6686508,0.6773025
1722,5,5,0.64390683,0.5998778,0.64390683
1723,5,5,0.6004741,0.47936827,0.6004741
1724,5,3,0.50516325,0.3159393,0.50516325
1725,5,3,0.6128238,0.46442723,0.6128238
1726,5,3,0.5137728,0.3237692,0.5137728
1727,5,3,0.5842699,0.4168182,0.5842699
1728,5,3,0.64803314,0.6092899,0.64803314
1729,5,5,0.68437386,0.5964047,0.68437386
1730,5,5,0.53765875,0.38809842,0.53765875
1731,5,3,0.589298,0.38356686,0.589298
1732,5,3,0.5001251,0.3109529,0.5001251
1733,5,3,0.62795883,0.51661265,0.62795883
1734,5,3,0.6657342,0.5237795,0.6657342
1735,5,3,0.7637948,0.632921,0.7637948
1736,5,5,0.60964227,0.54453313,0.60964227
1737,5,5,0.6117465,0.4961987,0.6117465
1738,5,5,0.59431374,0.48008102,0.59431374
1739,5,5,0.32960817,0.23593688,0.32960817
1740,5,5,0.113472946,0.05346763,0.113472946
1741,5,5,0.058845744,0.025034606,0.058845744
1742,5,5,0.03504296,0.013146281,0.03504296
1743,5,5,0.08237158,0.03660983,0.08237158
1744,5,5,0.44833407,0.35201287,0.44833407
1745,5,5,0.5192812,0.46845984,0.5192812
1746,5,7,0.7309766,0.66422683,0.7309766
1747,5,7,0.6939513,0.6490356,0.6939513
1748,5,7,0.45236865,0.3047222,0.45236865
1749,5,7,0.44401222,0.44730115,0.44730115
1750,5,7,0.49656677,0.36211944,0.49656677
1751,5,7,0.60740924,0.55925333,0.60740924
1752,5,5,0.6085286,0.604824,0.6085286
1753,5,7,0.32530826,0.20712245,0.32530826
1754,5,7,0.42193863,0.30026305,0.42193863
1755,5,7,0.41470313,0.26611948,0.41470313
1756,5,7,0.42042443,0.2812962,0.42042443
1757,5,7,0.5266397,0.3797689,0.5266397
1758,5,5,0.5878198,0.5776197,0.5878198
1759,5,5,0.6020513,0.49638665,0.6020513
1760,5,5,0.54349244,0.39291197,0.54349244
1761,5,5,0.64562553,0.461388,0.64562553
1762,5,5,0.4400317,0.2805196,0.4400317
1763,5,5,0.51584315,0.31642365,0.51584315
1764,5,5,0.66911066,0.45462924,0.66911066
1765,5,5,0.46836582,0.31156385,0.46836582
1766,5,5,0.511226,0.3270074,0.511226
1767,5,5,0.7258652,0.47878504,0.7258652
1768,5,5,0.55955154,0.3465327,0.55955154
1769,5,5,0.6081147,0.3831489,0.6081147
1770,5,5,0.6352504,0.43470198,0.6352504
1771,5,5,0.61518055,0.49647605,0.61518055
1772,5,5,0.6223098,0.3979835,0.6223098
1773,5,5,0.4773465,0.32790035,0.4773465
1774,5,5,0.456471,0.2919768,0.456471
1775,5,5,0.35303316,0.18902332,0.35303316
1776,5,5,0.5432834,0.32356578,0.5432834
1777,5,5,0.628013,0.39230096,0.628013
1778,5,5,0.44700804,0.3201338,0.44700804
1779,5,5,0.3566411,0.24363166,0.3566411
1780,5,5,0.37235126,0.2439487,0.37235126
1781,5,5,0.4264115,0.28272086,0.4264115
1782,5,5,0.080933206,0.03479016,0.080933206
1783,5,5,0.18301174,0.09288788,0.18301174
1784,5,5,0.291572,0.18061262,0.291572
1785,5,5,0.48919186,0.40659243,0.48919186
1786,5,5,0.26272464,0.14047289,0.26272464
1787,5,5,0.4358957,0.30907434,0.4358957
1788,5,0,0.5214731,0.41486084,0.5214731
1789,5,5,0.51631385,0.42492342,0.51631385
1790,5,5,0.6029354,0.6214041,0.6214041
1791,5,0,0.38787585,0.2589056,0.38787585
1792,5,0,0.3404952,0.2093057,0.3404952
1793,5,0,0.22028874,0.113527834,0.22028874
1794,5,0,0.13209578,0.0628286,0.13209578
1795,5,0,0.29151917,0.16943002,0.29151917
1796,5,0,0.28138164,0.1656819,0.28138164
1797,5,0,0.3576998,0.23189306,0.3576998
1798,6,5,0.6389238,0.5415703,0.6389238
1799,6,5,0.644083,0.5685134,0.644083
1800,6,5,0.6439863,0.6088563,0.6439863
1801,6,6,0.4934298,0.4191622,0.4934298
1802,6,7,0.35400662,0.22471374,0.35400662
1803,6,7,0.15504031,0.07015145,0.15504031
1804,6,7,0.31533763,0.18371463,0.31533763
1805,6,7,0.44586164,0.358756,0.44586164
1806,6,7,0.37267402,0.26602405,0.37267402
1807,6,6,0.5400776,0.5330574,0.5400776
1808,6,1,0.5170035,0.5527004,0.5527004
1809,6,1,0.4937818,0.51529354,0.51529354
1810,6,1,0.43110248,0.4801092,0.4801092
1811,6,6,0.43935403,0.40841806,0.43935403
1812,6,6,0.42589065,0.36852056,0.42589065
1813,6,6,0.38077444,0.2866364,0.38077444
1814,6,6,0.283279,0.1509201,0.283279
1815,6,6,0.2604575,0.12579864,0.2604575
1816,6,6,0.35215616,0.22018415,0.35215616
1817,6,6,0.40566787,0.32699752,0.40566787
1818,6,6,0.35157436,0.22230512,0.35157436
1819,6,6,0.5406033,0.5507,0.5507
1820,6,7,0.43094996,0.52568805,0.52568805
1821,6,7,0.43712857,0.42465067,0.43712857
1822,6,7,0.169751,0.0930053,0.169751
1823,6,7,0.38671175,0.32351518,0.38671175
1824,6,7,0.40007055,0.3357184,0.40007055
1825,6,7,0.54751235,0.6073172,0.6073172
1826,6,7,0.41495383,0.35305643,0.41495383
1827,6,6,0.4011711,0.30642897,0.4011711
1828,6,5,0.3243109,0.19578403,0.3243109
1829,6,5,0.5198596,0.525279,0.525279
1830,6,5,0.294813,0.16239876,0.294813
1831,6,5,0.20926037,0.09287405,0.20926037
1832,6,5,0.1844411,0.08912647,0.1844411
1833,6,6,0.44237694,0.5063601,0.5063601
1834,6,6,0.4075098,0.36518008,0.4075098
1835,6,6,0.013476076,0.0038089752,0.013476076
1836,6,6,0.0021546576,0.00047922134,0.0021546576
1837,6,6,0.0021359436,0.00050616264,0.0021359436
1838,6,6,0.00488997,0.0012223125,0.00488997
1839,6,6,0.011631005,0.0035775304,0.011631005
1840,6,6,0.048731748,0.020753086,0.048731748
1841,6,6,0.30919847,0.34108174,0.34108174
1842,6,6,0.044086542,0.017488241,0.044086542
1843,6,6,0.026456732,0.009630501,0.026456732
1844,6,6,0.081084356,0.03988868,0.081084356
1845,6,6,0.19833767,0.13741499,0.19833767
1846,6,6,0.19014123,0.08675307,0.19014123
1847,6,6,0.49561846,0.34805918,0.49561846
1848,6,6,0.6036486,0.6373998,0.6373998
1849,6,6,0.579044,0.58839035,0.58839035
1850,6,6,0.42278644,0.24333662,0.42278644
1851,6,6,0.2561093,0.17855126,0.2561093
1852,6,6,0.32278728,0.35528404,0.35528404
1853,6,6,0.3457611,0.40935534,0.40935534
1854,6,6,0.33983472,0.40779287,0.40779287
1855,6,7,0.53159857,0.51158875,0.53159857
1856,6,7,0.43245232,0.32459658,0.43245232
1857,6,7,0.009117427,0.0022577047,0.009117427
1858,6,7,0.055010267,0.018063486,0.055010267
1859,6,7,0.5203438,0.47541142,0.5203438
1860,6,3,0.43107376,0.3910042,0.43107376
1861,6,3,0.33144566,0.37515235,0.37515235
1862,6,3,0.10006213,0.05104202,0.10006213
1863,6,3,0.49755383,0.43623132,0.49755383
1864,6,4,0.47149056,0.44249642,0.47149056
1865,6,6,0.2164295,0.10565436,0.2164295
1866,6,6,0.12275202,0.052150726,0.12275202
1867,6,6,0.4121174,0.28605908,0.4121174
1868,6,7,0.36594966,0.38655955,0.38655955
1869,6,7,0.021049455,0.0060493946,0.021049455
1870,6,7,0.029126575,0.008548796,0.029126575
1871,6,7,0.0011756351,0.00023549795,0.0011756351
1872,6,7,0.00077098864,0.00015366077,0.00077098864
1873,6,7,0.00028881838,4.851818e-05,0.00028881838
1874,6,7,9.936894e-05,1.5497208e-05,9.936894e-05
1875,6,7,4.2391217e-05,6.198883e-06,4.2391217e-05
1876,6,7,0.00048341334,8.785725e-05,0.00048341334
1877,6,7,0.0006280791,0.00011563301,0.0006280791
1878,6,7,0.0051822797,0.001239419,0.0051822797
1879,6,7,0.00037911968,7.1287155e-05,0.00037911968
1880,6,7,0.0009617002,0.00019460917,0.0009617002
1881,6,7,0.0016269906,0.0003591776,0.0016269906
1882,6,7,0.009869538,0.0028252602,0.009869538
1883,6,7,0.008238223,0.0022516847,0.008238223
1884,6,6,0.3409277,0.46843386,0.46843386
1885,6,6,0.033275396,0.009922922,0.033275396
1886,6,6,0.010983889,0.00297302,0.010983889
1887,6,6,0.013788612,0.0040661693,0.013788612
1888,6,6,0.32041937,0.34297657,0.34297657
1889,6,7,0.1322245,0.07271218,0.1322245
1890,6,7,0.0008457231,0.00016093254,0.0008457231
1891,6,7,0.06871592,0.029744148,0.06871592
1892,6,7,0.030883694,0.011235595,0.030883694
1893,6,7,0.22601698,0.17521149,0.22601698
1894,6,6,0.087374814,0.043781996,0.087374814
1895,6,6,0.04019902,0.016134322,0.04019902
1896,6,6,0.29319352,0.2833534,0.29319352
1897,6,7,0.10019326,0.046383917,0.10019326
1898,6,7,0.18314445,0.10532099,0.18314445
1899,6,7,0.13697003,0.06748068,0.13697003
1900,6,6,0.38289118,0.46052974,0.46052974
1901,6,6,0.22068493,0.13158894,0.22068493
1902,6,6,0.2491204,0.16386557,0.2491204
1903,6,6,0.07055572,0.026901305,0.07055572
1904,6,6,0.026828947,0.008595467,0.026828947
1905,6,6,0.038208656,0.013053596,0.038208656
1906,6,6,0.12183003,0.056509495,0.12183003
1907,6,6,0.27756092,0.17954046,0.27756092
1908,6,6,0.028460834,0.009884715,0.028460834
1909,6,6,0.11347101,0.0558576,0.11347101
1910,6,6,0.051910345,0.021288931,0.051910345
1911,6,6,0.017242717,0.005018413,0.017242717
1912,6,6,0.23825544,0.14733946,0.23825544
1913,6,7,0.46209863,0.5259584,0.5259584
1914,6,7,0.15907344,0.079833865,0.15907344
1915,6,7,0.0781375,0.034109294,0.0781375
1916,6,7,0.11841551,0.059540212,0.11841551
1917,6,7,0.24259658,0.14383978,0.24259658
1918,6,7,0.32660347,0.21387255,0.32660347
1919,6,6,0.33645958,0.227265,0.33645958
1920,6,6,0.46930647,0.45299977,0.46930647
1921,6,6,0.42287806,0.33878756,0.42287806
1922,6,6,0.51924336,0.56871647,0.56871647
1923,6,7,0.4505534,0.43576556,0.4505534
1924,6,7,0.5164772,0.5825416,0.5825416
1925,6,7,0.540761,0.55733234,0.55733234
1926,6,7,0.3960799,0.28697222,0.3960799
1927,6,7,0.42093107,0.42019743,0.42093107
1928,6,7,0.45443395,0.33073622,0.45443395
1929,6,7,0.30783322,0.2108171,0.30783322
1930,6,7,0.23006831,0.15230161,0.23006831
1931,6,7,0.11224178,0.051401198,0.11224178
1932,6,7,0.2765311,0.17436838,0.2765311
1933,6,7,0.33011082,0.22601223,0.33011082
1934,6,7,0.30494547,0.19597095,0.30494547
1935,6,7,0.49280763,0.5393254,0.5393254
1936,6,6,0.5138416,0.4222331,0.5138416
1937,6,7,0.4811761,0.3342678,0.4811761
1938,6,7,0.5009105,0.39194667,0.5009105
1939,6,7,0.46823016,0.37170374,0.46823016
1940,6,7,0.52320385,0.4220168,0.52320385
1941,6,7,0.38300654,0.26433158,0.38300654
1942,6,6,0.1875076,0.08869618,0.1875076
1943,6,6,0.55965054,0.59982735,0.59982735
1944,6,6,0.49256587,0.38167256,0.49256587
1945,6,6,0.5473182,0.3668272,0.5473182
1946,6,6,0.5901619,0.5222748,0.5901619
1947,6,7,0.6059691,0.45177227,0.6059691
1948,6,7,0.3772881,0.24229568,0.3772881
1949,6,5,0.5036232,0.49272478,0.5036232
1950,6,7,0.38825804,0.44873476,0.44873476
1951,6,7,0.34175858,0.41868675,0.41868675
1952,6,7,0.40875304,0.38519192,0.40875304
1953,6,7,0.32369688,0.22180933,0.32369688
1954,6,7,0.46844962,0.429309,0.46844962
1955,6,6,0.3966201,0.42838502,0.42838502
1956,6,6,0.24127644,0.15307522,0.24127644
1957,6,6,0.3975265,0.30816758,0.3975265
1958,6,7,0.4873204,0.47209316,0.4873204
1959,6,7,0.40362105,0.50066745,0.50066745
1960,6,7,0.39311138,0.43154937,0.43154937
1961,6,5,0.38697127,0.47698474,0.47698474
1962,6,7,0.37127295,0.42965215,0.42965215
1963,6,7,0.5249564,0.594422,0.594422
1964,6,6,0.32788137,0.21798259,0.32788137
1965,6,6,0.25934124,0.15452081,0.25934124
1966,6,6,0.15311226,0.0746814,0.15311226
1967,6,6,0.26038316,0.16370279,0.26038316
1968,6,5,0.39495063,0.34047174,0.39495063
1969,6,5,0.3013037,0.2333551,0.3013037
1970,6,5,0.3061247,0.2865818,0.3061247
1971,6,5,0.36728376,0.33225065,0.36728376
1972,6,5,0.38957918,0.44946754,0.44946754
1973,6,7,0.52589566,0.57971525,0.57971525
1974,6,6,0.36237904,0.33916682,0.36237904
1975,6,7,0.44001883,0.3735674,0.44001883
1976,6,7,0.17335798,0.09320927,0.17335798
1977,6,7,0.28302506,0.19598132,0.28302506
1978,6,7,0.12217758,0.06451917,0.12217758
1979,6,7,0.12689017,0.057471216,0.12689017
1980,6,7,0.3014022,0.18315625,0.3014022
1981,6,7,0.3038241,0.22867781,0.3038241
1982,6,7,0.34566495,0.29532027,0.34566495
1983,6,7,0.43473238,0.4947245,0.4947245
1984,6,7,0.27506873,0.20648938,0.27506873
1985,6,7,0.111327946,0.050459087,0.111327946
1986,6,7,0.16184847,0.09213412,0.16184847
1987,6,7,0.30739257,0.23388702,0.30739257
1988,6,7,0.37345237,0.34790874,0.37345237
1989,6,7,0.22085652,0.15217584,0.22085652
1990,6,7,0.2299207,0.14795,0.2299207
1991,6,7,0.16175836,0.07936287,0.16175836
1992,6,7,0.07497136,0.03032118,0.07497136
1993,6,7,0.3515903,0.3622083,0.3622083
1994,6,7,0.38954508,0.48912293,0.48912293
1995,6,7,0.38317874,0.50393355,0.50393355
1996,6,7,0.46406725,0.5406705,0.5406705
1997,6,7,0.175527,0.09723449,0.175527
1998,6,7,0.3875031,0.31100374,0.3875031
1999,6,5,0.44080508,0.53428614,0.53428614
2000,6,5,0.25622702,0.1781094,0.25622702
2001,6,5,0.1972339,0.11571133,0.1972339
2002,6,5,0.38204563,0.2827595,0.38204563
2003,6,5,0.45026612,0.40305424,0.45026612
2004,6,5,0.33834106,0.33610153,0.33834106
2005,6,5,0.3428789,0.38336277,0.38336277
2006,6,7,0.33990997,0.3414694,0.3414694
2007,6,7,0.24546708,0.19143438,0.24546708
2008,6,5,0.34181678,0.4898891,0.4898891
2009,6,5,0.26704475,0.22927934,0.26704475
2010,6,5,0.29636598,0.27919686,0.29636598
2011,6,5,0.12427738,0.06282872,0.12427738
2012,6,5,0.55959225,0.44774354,0.55959225
2013,6,6,0.5194806,0.5171735,0.5194806
2014,6,1,0.4678747,0.3009172,0.4678747
2015,6,6,0.6914007,0.5882951,0.6914007
2016,6,4,0.69824064,0.7061784,0.7061784
2017,6,2,0.43714967,0.2982161,0.43714967
2018,6,2,0.40847045,0.4234907,0.4234907
2019,6,4,0.40882862,0.43049073,0.43049073
2020,6,4,0.574169,0.55878896,0.574169
2021,6,6,0.61277384,0.6273118,0.6273118
2022,6,3,0.59741503,0.62071705,0.62071705
2023,6,7,0.7301762,0.67454135,0.7301762
2024,6,5,0.22251469,0.11146003,0.22251469
2025,6,5,0.17347743,0.0768891,0.17347743
2026,6,5,0.4781883,0.3477345,0.4781883
2027,6,5,0.4262408,0.5043278,0.5043278
2028,6,7,0.3354339,0.38814586,0.38814586
2029,6,5,0.30762914,0.15585172,0.30762914
2030,6,5,0.54030377,0.35814124,0.54030377
2031,6,7,0.57753885,0.5763283,0.57753885
2032,6,6,0.21323311,0.09321433,0.21323311
2033,6,3,0.59802496,0.52374023,0.59802496
2034,6,6,0.4768816,0.36896092,0.4768816
2035,6,6,0.42351094,0.2820623,0.42351094
2036,6,6,0.59192026,0.55827665,0.59192026
2037,6,6,0.5591661,0.5782107,0.5782107
2038,6,6,0.29659897,0.18419659,0.29659897
2039,6,6,0.22294547,0.11659992,0.22294547
2040,6,6,0.065329984,0.022396982,0.065329984
2041,6,5,0.52720594,0.46228313,0.52720594
2042,6,5,0.42531294,0.45166868,0.45166868
2043,6,5,0.25743705,0.16546917,0.25743705
2044,6,5,0.0859303,0.03320974,0.0859303
2045,6,5,0.38690385,0.29385972,0.38690385
2046,6,5,0.42014512,0.28775465,0.42014512
2047,6,5,0.49399287,0.456532,0.49399287
2048,6,5,0.3358061,0.2643804,0.3358061
2049,6,5,0.066311516,0.022922933,0.066311516
2050,6,5,0.14187278,0.054394186,0.14187278
2051,6,5,0.5726533,0.3629064,0.5726533
2052,6,6,0.7166099,0.6470096,0.7166099
2053,6,5,0.6968902,0.59942067,0.6968902
2054,6,5,0.5693996,0.49544,0.5693996
2055,6,5,0.14634033,0.064284205,0.14634033
2056,6,5,0.12827401,0.054029524,0.12827401
2057,6,5,0.14910321,0.07167137,0.14910321
2058,6,5,0.25778747,0.13698834,0.25778747
2059,6,7,0.67983115,0.5586016,0.67983115
2060,6,6,0.60643935,0.5280707,0.60643935
2061,6,1,0.6346113,0.58297926,0.6346113
2062,6,1,0.5968574,0.56948054,0.5968574
2063,6,6,0.53858906,0.52086425,0.53858906
2064,6,6,0.5594103,0.5344542,0.5594103
2065,6,6,0.5870992,0.40910453,0.5870992
2066,6,6,0.4884179,0.30849868,0.4884179
2067,6,6,0.579242,0.57399505,0.579242
2068,6,5,0.3358341,0.230277,0.3358341
2069,6,5,0.1631639,0.08693761,0.1631639
2070,6,5,0.02885448,0.009479523,0.02885448
2071,6,5,0.1255437,0.066756785,0.1255437
2072,6,5,0.16434361,0.090429485,0.16434361
2073,6,5,0.1816577,0.11721283,0.1816577
2074,6,5,0.104985505,0.05380577,0.104985505
2075,6,7,0.32492462,0.3730114,0.3730114
2076,6,5,0.3303141,0.40821844,0.40821844
2077,6,7,0.20508869,0.15078783,0.20508869
2078,6,7,0.098345615,0.051635206,0.098345615
2079,6,7,0.09967477,0.05201453,0.09967477
2080,6,7,0.32731906,0.32769758,0.32769758
2081,6,7,0.33704254,0.25780874,0.33704254
2082,6,7,0.30490294,0.23426062,0.30490294
2083,6,7,0.5150027,0.39859772,0.5150027
2084,6,7,0.50823504,0.37400633,0.50823504
2085,6,7,0.61466306,0.47782725,0.61466306
2086,6,7,0.5988593,0.4302596,0.5988593
2087,6,4,0.7213778,0.53662837,0.7213778
2088,6,5,0.7118891,0.6637,0.7118891
2089,6,7,0.214737,0.105326235,0.214737
2090,6,7,0.34251422,0.222686,0.34251422
2091,6,7,0.23900011,0.115528524,0.23900011
2092,6,7,0.27101392,0.14366335,0.27101392
2093,6,7,0.35905525,0.25051314,0.35905525
2094,6,7,0.5324795,0.5365317,0.5365317
2095,6,5,0.4956673,0.47010833,0.4956673
2096,6,5,0.4113712,0.37660444,0.4113712
2097,6,5,0.43962523,0.36975062,0.43962523
2098,6,5,0.36716577,0.2423811,0.36716577
2099,6,5,0.49815783,0.31377798,0.49815783
2100,6,5,0.5088952,0.31887734,0.5088952
2101,6,5,0.3305887,0.16757524,0.3305887
2102,7,5,0.3657726,0.2854069,0.3657726
2103,7,5,0.37989527,0.40686107,0.40686107
2104,7,7,0.3237624,0.23401952,0.3237624
2105,7,5,0.28920826,0.23661673,0.28920826
2106,7,7,0.22271545,0.12787956,0.22271545
2107,7,7,0.33002082,0.22233677,0.33002082
2108,7,7,0.3987517,0.3226441,0.3987517
2109,7,7,0.45408604,0.37117738,0.45408604
2110,7,7,0.5635642,0.59140694,0.59140694
2111,7,7,0.5581226,0.4393813,0.5581226
2112,7,5,0.40994677,0.3592478,0.40994677
2113,7,7,0.5036311,0.40756392,0.5036311
2114,7,7,0.4224491,0.27146232,0.4224491
2115,7,7,0.17699105,0.08728224,0.17699105
2116,7,7,0.14004882,0.060750842,0.14004882
2117,7,7,0.14484388,0.06326896,0.14484388
2118,7,7,0.269956,0.15583616,0.269956
2119,7,7,0.3278007,0.24477494,0.3278007
2120,7,7,0.24775715,0.14970332,0.24775715
2121,7,7,0.27023676,0.16281354,0.27023676
2122,7,7,0.37371716,0.37640053,0.37640053
2123,7,7,0.21688916,0.12517852,0.21688916
2124,7,7,0.30286413,0.18757582,0.30286413
2125,7,7,0.15175971,0.06820476,0.15175971
2126,7,7,0.14833748,0.06804901,0.14833748
2127,7,7,0.22209603,0.1110155,0.22209603
2128,7,7,0.19424736,0.103116214,0.19424736
2129,7,7,0.2678349,0.20902109,0.2678349
2130,7,5,0.35899815,0.44648588,0.44648588
2131,7,5,0.27619976,0.22016299,0.27619976
2132,7,5,0.24236386,0.18052745,0.24236386
2133,7,5,0.32895353,0.29564542,0.32895353
2134,7,7,0.3750015,0.4166324,0.4166324
2135,7,7,0.109431766,0.047200143,0.109431766
2136,7,7,0.24034975,0.18931144,0.24034975
2137,7,7,0.14306761,0.08282691,0.14306761
2138,7,7,0.1584858,0.099665344,0.1584858
2139,7,7,0.22025353,0.1687805,0.22025353
2140,7,7,0.28056794,0.25036,0.28056794
2141,7,7,0.24709263,0.19476455,0.24709263
2142,7,7,0.46377808,0.4162789,0.46377808
2143,7,7,0.25252843,0.1524949,0.25252843
2144,7,6,0.49553767,0.4786207,0.49553767
2145,7,7,0.48517984,0.49247515,0.49247515
2146,7,5,0.46417877,0.4358114,0.46417877
2147,7,6,0.5118793,0.54425955,0.54425955
2148,7,7,0.16607103,0.081887424,0.16607103
2149,7,7,0.1133255,0.05287546,0.1133255
2150,7,7,0.027385531,0.008420467,0.027385531
2151,7,7,0.0058066538,0.0013597608,0.0058066538
2152,7,7,0.009160124,0.0023078918,0.009160124
2153,7,7,0.02109245,0.005967796,0.02109245
2154,7,7,0.028570408,0.009435296,0.028570408
2155,7,7,0.13868083,0.067528784,0.13868083
2156,7,7,0.14269277,0.059527457,0.14269277
2157,7,7,0.06105615,0.021981776,0.06105615
2158,7,7,0.020115243,0.0058110952,0.020115243
2159,7,7,0.011544116,0.0030441284,0.011544116
2160,7,7,0.004456062,0.0009881258,0.004456062
2161,7,7,0.003899737,0.00088757277,0.003899737
2162,7,7,0.0026120322,0.00055640936,0.0026120322
2163,7,7,0.003714776,0.00081270933,0.003714776
2164,7,7,0.003856891,0.0008556843,0.003856891
2165,7,7,0.0024988556,0.0005249381,0.0024988556
2166,7,7,0.003295436,0.000744164,0.003295436
2167,7,7,0.004823377,0.0011672378,0.004823377
2168,7,7,0.025047464,0.008824825,0.025047464
2169,7,7,0.007500053,0.0019263029,0.007500053
2170,7,7,0.03742704,0.013623059,0.03742704
2171,7,7,0.17976142,0.11996752,0.17976142
2172,7,7,0.3279706,0.3842312,0.3842312
2173,7,7,0.013849257,0.0041734576,0.013849257
2174,7,7,0.009958527,0.0027914643,0.009958527
2175,7,7,0.020389657,0.0066499114,0.020389657
2176,7,7,0.02205712,0.007005632,0.02205712
2177,7,7,0.010578243,0.0028155446,0.010578243
2178,7,7,0.037408523,0.014301002,0.037408523
2179,7,7,0.09197642,0.04593432,0.09197642
2180,7,7,0.1144914,0.06260085,0.1144914
2181,7,7,0.17792559,0.11652607,0.17792559
2182,7,7,0.13531493,0.073281765,0.13531493
2183,7,7,0.28598398,0.2123599,0.28598398
2184,7,7,0.2617834,0.17912507,0.2617834
2185,7,7,0.2633387,0.18810564,0.2633387
2186,7,7,0.27741757,0.23624074,0.27741757
2187,7,7,0.11389772,0.057348013,0.11389772
2188,7,7,0.04779679,0.019245744,0.04779679
2189,7,7,0.15957524,0.09856242,0.15957524
2190,7,7,0.0612205,0.026919246,0.0612205
2191,7,7,0.2611717,0.22317123,0.2611717
2192,7,7,0.092722006,0.046023607,0.092722006
2193,7,7,0.09973091,0.049373686,0.09973091
2194,7,7,0.2334447,0.183137,0.2334447
2195,7,7,0.09585067,0.046490133,0.09585067
2196,7,7,0.039887533,0.014585614,0.039887533
2197,7,7,0.008618433,0.002275288,0.008618433
2198,7,7,0.013105699,0.003869176,0.013105699
2199,7,7,0.027956972,0.008906186,0.027956972
2200,7,7,0.037047993,0.011920035,0.037047993
2201,7,7,0.11385633,0.05242312,0.11385633
2202,7,7,0.10918049,0.05574262,0.10918049
2203,7,7,0.0722154,0.032396317,0.0722154
2204,7,7,0.0052106357,0.0012270808,0.0052106357
2205,7,7,0.0053817523,0.0012993813,0.0053817523
2206,7,7,0.012327444,0.0033178926,0.012327444
2207,7,7,0.05231156,0.019809186,0.05231156
2208,7,7,0.18574952,0.12346566,0.18574952
2209,7,5,0.27729383,0.2587307,0.27729383
2210,7,5,0.09458545,0.049149036,0.09458545
2211,7,5,0.33182043,0.43966758,0.43966758
2212,7,7,0.3197569,0.3684289,0.3684289
2213,7,7,0.33776397,0.47628784,0.47628784
2214,7,5,0.3363871,0.4294774,0.4294774
2215,7,5,0.1177354,0.06341553,0.1177354
2216,7,5,0.059830915,0.024199307,0.059830915
2217,7,5,0.16891149,0.10353762,0.16891149
2218,7,5,0.3343858,0.29864168,0.3343858
2219,7,5,0.42699164,0.4021513,0.42699164
2220,7,7,0.34124118,0.36663926,0.36663926
2221,7,7,0.33241963,0.3864597,0.3864597
2222,7,7,0.33200693,0.4227004,0.4227004
2223,7,7,0.084653646,0.04060781,0.084653646
2224,7,7,0.03346294,0.012216389,0.03346294
2225,7,7,0.019123958,0.006254077,0.019123958
2226,7,7,0.049126692,0.01870066,0.049126692
2227,7,7,0.06723703,0.027287781,0.06723703
2228,7,5,0.26250103,0.22882777,0.26250103
2229,7,5,0.09388594,0.047255218,0.09388594
2230,7,5,0.08744934,0.042305052,0.08744934
2231,7,5,0.15871407,0.09997356,0.15871407
2232,7,5,0.3327508,0.4037521,0.4037521
2233,7,5,0.4240659,0.39810336,0.4240659
2234,7,5,0.38045207,0.3747785,0.38045207
2235,7,5,0.23147808,0.17295611,0.23147808
2236,7,5,0.019680534,0.006530285,0.019680534
2237,7,5,0.023152206,0.008058906,0.023152206
2238,7,5,0.12477125,0.069960356,0.12477125
2239,7,5,0.17946333,0.12237668,0.17946333
2240,7,5,0.31824034,0.3626107,0.3626107
2241,7,7,0.29218313,0.28855675,0.29218313
2242,7,7,0.16927868,0.10931635,0.16927868
2243,7,5,0.33167753,0.4425347,0.4425347
2244,7,7,0.27877834,0.26394182,0.27877834
2245,7,7,0.28375772,0.2684108,0.28375772
2246,7,7,0.101984486,0.051397443,0.101984486
2247,7,7,0.049957674,0.019994497,0.049957674
2248,7,7,0.29434803,0.28776646,0.29434803
2249,7,5,0.28222463,0.26323336,0.28222463
2250,7,5,0.05665104,0.024867773,0.05665104
2251,7,5,0.037332643,0.014767766,0.037332643
2252,7,5,0.07287656,0.03455311,0.07287656
2253,7,5,0.17014213,0.11221743,0.17014213
2254,7,5,0.24538071,0.20346922,0.24538071
2255,7,5,0.30267635,0.31105363,0.31105363
2256,7,5,0.06519133,0.030001879,0.06519133
2257,7,5,0.057988748,0.025816202,0.057988748
2258,7,5,0.036538683,0.0144279,0.036538683
2259,7,5,0.053490005,0.023354292,0.053490005
2260,7,5,0.15691832,0.09892881,0.15691832
2261,7,7,0.23363481,0.18417609,0.23363481
2262,7,7,0.07267714,0.031945646,0.07267714
2263,7,7,0.060325116,0.02607286,0.060325116
2264,7,7,0.20988163,0.1526246,0.20988163
2265,7,7,0.33421275,0.43465686,0.43465686
2266,7,5,0.23510072,0.18727571,0.23510072
2267,7,7,0.22122583,0.1635989,0.22122583
2268,7,7,0.1878523,0.12736225,0.1878523
2269,7,7,0.0694055,0.03085947,0.0694055
2270,7,7,0.13675019,0.08071381,0.13675019
2271,7,7,0.21437545,0.16144341,0.21437545
2272,7,5,0.33429042,0.4702381,0.4702381
2273,7,5,0.23631416,0.19230384,0.23631416
2274,7,5,0.13342278,0.07913041,0.13342278
2275,7,7,0.33213407,0.44461,0.44461
2276,7,7,0.07508122,0.03460622,0.07508122
2277,7,7,0.16320051,0.104091704,0.16320051
2278,7,7,0.08444639,0.0398978,0.08444639
2279,7,7,0.24114524,0.1924417,0.24114524
2280,7,5,0.14788578,0.090730846,0.14788578
2281,7,5,0.13542539,0.079666376,0.13542539
2282,7,5,0.21022871,0.15248156,0.21022871
2283,7,5,0.3209941,0.37317687,0.37317687
2284,7,5,0.31315172,0.3458907,0.3458907
2285,7,7,0.26942772,0.24010503,0.26942772
2286,7,5,0.31688896,0.36023533,0.36023533
2287,7,5,0.17575718,0.11860186,0.17575718
2288,7,5,0.0094280895,0.0028476715,0.0094280895
2289,7,5,0.03864216,0.01549691,0.03864216
2290,7,5,0.08786958,0.04407662,0.08786958
2291,7,5,0.22540955,0.17443544,0.22540955
2292,7,5,0.16917163,0.111159146,0.16917163
2293,7,5,0.13092977,0.076334596,0.13092977
2294,7,5,0.2342921,0.17749816,0.2342921
2295,7,5,0.0891363,0.04373467,0.0891363
2296,7,5,0.12473302,0.065533996,0.12473302
2297,7,5,0.16054553,0.092514396,0.16054553
2298,7,5,0.053252857,0.02187401,0.053252857
2299,7,5,0.04298115,0.016487062,0.04298115
2300,7,5,0.05318796,0.022651136,0.05318796
2301,7,5,0.12978075,0.07410896,0.12978075
2302,7,5,0.19574857,0.12122488,0.19574857
2303,7,7,0.3456787,0.42881346,0.42881346
2304,7,5,0.18814723,0.13048857,0.18814723
2305,7,7,0.3320055,0.3889863,0.3889863
2306,7,5,0.2012661,0.14488953,0.2012661
2307,7,5,0.056044783,0.02479875,0.056044783
2308,7,5,0.2169474,0.16550428,0.2169474
2309,7,7,0.2717882,0.2490359,0.2717882
2310,7,7,0.31244725,0.34439695,0.34439695
2311,7,7,0.30468592,0.3206476,0.3206476
2312,7,5,0.3259319,0.38663924,0.38663924
2313,7,5,0.34030586,0.47622025,0.47622025
2314,7,7,0.36044973,0.43192655,0.43192655
2315,7,7,0.15083632,0.08835709,0.15083632
2316,7,7,0.13425708,0.074528694,0.13425708
2317,7,7,0.051862724,0.02068919,0.051862724
2318,7,7,0.06952707,0.031309962,0.06952707
2319,7,7,0.24324538,0.19967777,0.24324538
2320,7,7,0.18808515,0.12427473,0.18808515
2321,7,7,0.19258793,0.13254297,0.19258793
2322,7,7,0.1982082,0.13848215,0.1982082
2323,7,7,0.1380824,0.06423062,0.1380824
2324,7,7,0.19215633,0.10268968,0.19215633
2325,7,7,0.03908014,0.014525533,0.03908014
2326,7,7,0.024483688,0.008065581,0.024483688
2327,7,7,0.030698434,0.011362016,0.030698434
2328,7,7,0.036106523,0.013845623,0.036106523
2329,7,7,0.08439654,0.041502416,0.08439654
2330,7,7,0.15145105,0.094088495,0.15145105
2331,7,7,0.16382252,0.1025548,0.16382252
2332,7,7,0.24331973,0.18456113,0.24331973
2333,7,7,0.3409391,0.4146642,0.4146642
2334,7,5,0.26007867,0.22020155,0.26007867
2335,7,5,0.30034953,0.292638,0.30034953
2336,7,5,0.16536336,0.09861612,0.16536336
2337,7,5,0.14312576,0.08677673,0.14312576
2338,7,5,0.33447537,0.43266785,0.43266785
2339,7,7,0.22802794,0.16598457,0.22802794
2340,7,7,0.11053683,0.05622214,0.11053683
2341,7,7,0.09256425,0.04123962,0.09256425
2342,7,7,0.12315404,0.055868447,0.12315404
2343,7,7,0.21527487,0.10111672,0.21527487
2344,7,7,0.18596606,0.107898474,0.18596606
2345,7,7,0.28363895,0.21871042,0.28363895
2346,7,7,0.21521482,0.10269189,0.21521482
2347,7,7,0.2058033,0.1142652,0.2058033
2348,7,7,0.3017754,0.27931917,0.3017754
2349,7,7,0.30921343,0.28207064,0.30921343
2350,7,7,0.34980413,0.43591577,0.43591577
2351,7,5,0.2789796,0.2443738,0.2789796
2352,7,5,0.36851934,0.4037987,0.4037987
2353,7,7,0.41868165,0.47760028,0.47760028
2354,7,5,0.51125073,0.37042665,0.51125073
2355,7,5,0.4173843,0.3769347,0.4173843
2356,7,7,0.5188806,0.44614077,0.5188806
2357,7,5,0.3983546,0.3068081,0.3983546
2358,7,5,0.3934088,0.25991094,0.3934088
2359,7,7,0.6612389,0.6176357,0.6612389
2360,7,5,0.65967226,0.63660705,0.65967226
2361,7,7,0.6957016,0.62876964,0.6957016
2362,7,6,0.7249589,0.4879893,0.7249589
2363,7,6,0.64986765,0.55589986,0.64986765
2364,7,7,0.5660394,0.47308475,0.5660394
2365,7,7,0.5900146,0.49993312,0.5900146
2366,7,7,0.4865591,0.5111921,0.5111921
2367,7,7,0.5108197,0.5226482,0.5226482
2368,7,7,0.09479113,0.033712685,0.09479113
2369,7,7,0.47461143,0.49502122,0.49502122
2370,7,7,0.2322587,0.14688319,0.2322587
2371,7,7,0.11069062,0.051391125,0.11069062
2372,7,7,0.057056125,0.02298963,0.057056125
2373,7,7,0.11512302,0.052963793,0.11512302
2374,7,7,0.21344341,0.13507181,0.21344341
2375,7,7,0.2544684,0.13088155,0.2544684
2376,7,7,0.26581326,0.13244802,0.26581326
2377,7,7,0.39463416,0.23053348,0.39463416
2378,7,7,0.22646084,0.11358571,0.22646084
2379,7,7,0.55629116,0.34092754,0.55629116
2380,7,4,0.81827396,0.63205254,0.81827396
2381,7,5,0.8625802,0.74438894,0.8625802
2382,7,4,0.8850693,0.72885,0.8850693
2383,7,5,0.94833827,0.7797333,0.94833827
2384,7,6,0.9462302,0.78410107,0.9462302
2385,7,6,0.9558648,0.7948193,0.9558648
2386,7,6,0.94495654,0.81392735,0.94495654
2387,7,6,0.8543458,0.6713168,0.8543458
2388,7,6,0.79370224,0.6141735,0.79370224
2389,7,6,0.8686753,0.7022555,0.8686753
2390,7,5,0.8219166,0.6853254,0.8219166
2391,7,0,0.82131463,0.7221346,0.82131463
2392,7,0,0.73230314,0.5610002,0.73230314
2393,7,0,0.87214667,0.7090601,0.87214667
2394,7,5,0.7111535,0.4739151,0.7111535
2395,7,5,0.42257917,0.27843708,0.42257917
2396,7,5,0.5098804,0.3573867,0.5098804
2397,7,5,0.5325727,0.34100026,0.5325727
2398,7,5,0.3563824,0.19424957,0.3563824
2399,7,5,0.4838267,0.32695436,0.4838267
2400,7,5,0.5195872,0.3442539,0.5195872
