model,sb,day,time,trial,acc
ecnn0,1,1,AM,1,0.9847058823529412
ecnn0,1,1,AM,2,0.9882894186532832
ecnn0,1,1,AM,3,0.7890749601275917
ecnn0,1,1,AM,4,0.9846217788861179
ecnn0,1,1,AM,5,0.9896373056994818
ecnn0,1,1,AM,6,0.9910941475826972
ecnn0,1,1,AM,7,0.9869174161896974
ecnn0,1,1,AM,8,0.9932346723044396
ecnn0,1,1,AM,9,0.8255528255528255
ecnn0,1,1,AM,10,0.9808006535947712
ecnn0,1,1,AM,11,0.9919710959454034
ecnn0,1,1,AM,12,0.9954147561483953
ecnn0,1,1,PM,1,0.987063896511172
ecnn0,1,1,PM,2,0.98452530322041
ecnn0,1,1,PM,3,0.77265625
ecnn0,1,1,PM,4,0.986782321354812
ecnn0,1,1,PM,5,0.9832602630530092
ecnn0,1,1,PM,6,0.9885151763740772
ecnn0,1,1,PM,7,0.9848424411647388
ecnn0,1,1,PM,8,0.9891304347826086
ecnn0,1,1,PM,9,0.7604623355918693
ecnn0,1,1,PM,10,0.9767346938775512
ecnn0,1,1,PM,11,0.9903769045709704
ecnn0,1,1,PM,12,0.981403212172443
ecnn0,1,2,AM,1,0.7206658546488023
ecnn0,1,2,AM,2,0.7210855949895616
ecnn0,1,2,AM,3,0.7426500201369312
ecnn0,1,2,AM,4,0.6825528387898881
ecnn0,1,2,AM,5,0.7001219016659894
ecnn0,1,2,AM,6,0.71571072319202
ecnn0,1,2,AM,7,0.722531847133758
ecnn0,1,2,AM,8,0.6770057899090157
ecnn0,1,2,AM,9,0.7253886010362695
ecnn0,1,2,AM,10,0.6670912951167728
ecnn0,1,2,AM,11,0.7063048683160414
ecnn0,1,2,AM,12,0.6949711459192086
ecnn0,1,2,PM,1,0.6047734627831716
ecnn0,1,2,PM,2,0.6665278934221482
ecnn0,1,2,PM,3,0.6704316256555063
ecnn0,1,2,PM,4,0.6779661016949152
ecnn0,1,2,PM,5,0.6277551020408163
ecnn0,1,2,PM,6,0.6244725738396625
ecnn0,1,2,PM,7,0.6442348906986712
ecnn0,1,2,PM,8,0.707357172215372
ecnn0,1,2,PM,9,0.6678787878787878
ecnn0,1,2,PM,10,0.7108829568788501
ecnn0,1,2,PM,11,0.6960823110407598
ecnn0,1,2,PM,12,0.7528925619834711
ecnn0,1,3,AM,1,0.6632316570486397
ecnn0,1,3,AM,2,0.5954807266282676
ecnn0,1,3,AM,3,0.6669294442254632
ecnn0,1,3,AM,4,0.5857885615251299
ecnn0,1,3,AM,5,0.7242497972424979
ecnn0,1,3,AM,6,0.6265769554247267
ecnn0,1,3,AM,7,0.6863468634686347
ecnn0,1,3,AM,8,0.6610824742268041
ecnn0,1,3,AM,9,0.6990049751243781
ecnn0,1,3,AM,10,0.7003140421713773
ecnn0,1,3,AM,11,0.6937119675456389
ecnn0,1,3,AM,12,0.6887931034482758
ecnn0,1,3,PM,1,0.472734899328859
ecnn0,1,3,PM,2,0.506872852233677
ecnn0,1,3,PM,3,0.5426195426195426
ecnn0,1,3,PM,4,0.5283824157063594
ecnn0,1,3,PM,5,0.4810281517747858
ecnn0,1,3,PM,6,0.5434317501069748
ecnn0,1,3,PM,7,0.4803921568627451
ecnn0,1,3,PM,8,0.5788146279949559
ecnn0,1,3,PM,9,0.5172117039586919
ecnn0,1,3,PM,10,0.5224454895254382
ecnn0,1,3,PM,11,0.4603434178250204
ecnn0,1,3,PM,12,0.4736842105263158
ecnn0,1,4,AM,1,0.6959737058340181
ecnn0,1,4,AM,2,0.6536912751677852
ecnn0,1,4,AM,3,0.6298755186721992
ecnn0,1,4,AM,4,0.6571184266780675
ecnn0,1,4,AM,5,0.7282174260591526
ecnn0,1,4,AM,6,0.7271164589600344
ecnn0,1,4,AM,7,0.7260726072607261
ecnn0,1,4,AM,8,0.6670945656824989
ecnn0,1,4,AM,9,0.7308160779537151
ecnn0,1,4,AM,10,0.7121019108280254
ecnn0,1,4,AM,11,0.6501457725947521
ecnn0,1,4,AM,12,0.6475272422464375
ecnn0,1,4,PM,1,0.7383292383292384
ecnn0,1,4,PM,2,0.6953586497890295
ecnn0,1,4,PM,3,0.7082251082251082
ecnn0,1,4,PM,4,0.6979726934215971
ecnn0,1,4,PM,5,0.7127094401307724
ecnn0,1,4,PM,6,0.6494719740048741
ecnn0,1,4,PM,7,0.7038854805725971
ecnn0,1,4,PM,8,0.6911643270024773
ecnn0,1,4,PM,9,0.711593609176567
ecnn0,1,4,PM,10,0.6693790149892933
ecnn0,1,4,PM,11,0.6623807548734965
ecnn0,1,4,PM,12,0.6883996613039797
ecnn0,1,5,AM,1,0.6220637583892618
ecnn0,1,5,AM,2,0.5569296375266525
ecnn0,1,5,AM,3,0.6597692001591723
ecnn0,1,5,AM,4,0.6383890317052271
ecnn0,1,5,AM,5,0.6474384832593788
ecnn0,1,5,AM,6,0.5956447480785654
ecnn0,1,5,AM,7,0.5576311605723371
ecnn0,1,5,AM,8,0.52
ecnn0,1,5,AM,9,0.6404123711340206
ecnn0,1,5,AM,10,0.6165540540540541
ecnn0,1,5,AM,11,0.6618299072954453
ecnn0,1,5,AM,12,0.6170651277823578
ecnn0,1,5,PM,1,0.6196682464454977
ecnn0,1,5,PM,2,0.5967673330497659
ecnn0,1,5,PM,3,0.6540016168148747
ecnn0,1,5,PM,4,0.6609315988250105
ecnn0,1,5,PM,5,0.6630007855459544
ecnn0,1,5,PM,6,0.7085053674649051
ecnn0,1,5,PM,7,0.6399679615538646
ecnn0,1,5,PM,8,0.6593360995850622
ecnn0,1,5,PM,9,0.6324752475247525
ecnn0,1,5,PM,10,0.6287940935192781
ecnn0,1,5,PM,11,0.662505034232783
ecnn0,1,5,PM,12,0.6416135881104034
ecnn1,1,1,AM,1,0.904313725490196
ecnn1,1,1,AM,2,0.9104976997072356
ecnn1,1,1,AM,3,0.7440191387559809
ecnn1,1,1,AM,4,0.9089775561097256
ecnn1,1,1,AM,5,0.9166998804304504
ecnn1,1,1,AM,6,0.9198473282442748
ecnn1,1,1,AM,7,0.9231398201144726
ecnn1,1,1,AM,8,0.9412262156448205
ecnn1,1,1,AM,9,0.7858312858312858
ecnn1,1,1,AM,10,0.8897058823529411
ecnn1,1,1,AM,11,0.9144921718185468
ecnn1,1,1,AM,12,0.9249687369737388
ecnn1,1,1,PM,1,0.9059192473539788
ecnn1,1,1,PM,2,0.9184441656210792
ecnn1,1,1,PM,3,0.770703125
ecnn1,1,1,PM,4,0.8988021478727798
ecnn1,1,1,PM,5,0.8756476683937824
ecnn1,1,1,PM,6,0.9183757178014766
ecnn1,1,1,PM,7,0.8827283605903471
ecnn1,1,1,PM,8,0.9389632107023412
ecnn1,1,1,PM,9,0.7337584695097649
ecnn1,1,1,PM,10,0.9106122448979592
ecnn1,1,1,PM,11,0.9153969526864476
ecnn1,1,1,PM,12,0.9175824175824177
ecnn1,1,2,AM,1,0.6857490864799025
ecnn1,1,2,AM,2,0.6922755741127349
ecnn1,1,2,AM,3,0.7466774063632703
ecnn1,1,2,AM,4,0.641110650642354
ecnn1,1,2,AM,5,0.7045916294189354
ecnn1,1,2,AM,6,0.6783042394014963
ecnn1,1,2,AM,7,0.7352707006369427
ecnn1,1,2,AM,8,0.7026468155500414
ecnn1,1,2,AM,9,0.7210043842168194
ecnn1,1,2,AM,10,0.6679405520169851
ecnn1,1,2,AM,11,0.7011173184357542
ecnn1,1,2,AM,12,0.6504534212695795
ecnn1,1,2,PM,1,0.5825242718446602
ecnn1,1,2,PM,2,0.6303080766028311
ecnn1,1,2,PM,3,0.6107301331181928
ecnn1,1,2,PM,4,0.649028524183547
ecnn1,1,2,PM,5,0.5938775510204082
ecnn1,1,2,PM,6,0.60084388185654
ecnn1,1,2,PM,7,0.6348049721388771
ecnn1,1,2,PM,8,0.6831072749691739
ecnn1,1,2,PM,9,0.6432323232323233
ecnn1,1,2,PM,10,0.6644763860369611
ecnn1,1,2,PM,11,0.664424218440839
ecnn1,1,2,PM,12,0.7057851239669422
ecnn1,1,3,AM,1,0.6488046166529267
ecnn1,1,3,AM,2,0.5928223305272485
ecnn1,1,3,AM,3,0.6420969649191959
ecnn1,1,3,AM,4,0.5957538994800693
ecnn1,1,3,AM,5,0.6954582319545823
ecnn1,1,3,AM,6,0.6433978132884777
ecnn1,1,3,AM,7,0.6560065600656007
ecnn1,1,3,AM,8,0.6817010309278351
ecnn1,1,3,AM,9,0.7068822553897179
ecnn1,1,3,AM,10,0.7258860475549573
ecnn1,1,3,AM,11,0.6831643002028398
ecnn1,1,3,AM,12,0.7107758620689655
ecnn1,1,3,PM,1,0.4903523489932886
ecnn1,1,3,PM,2,0.5266323024054983
ecnn1,1,3,PM,3,0.5667359667359667
ecnn1,1,3,PM,4,0.5138711054204012
ecnn1,1,3,PM,5,0.4814361485108119
ecnn1,1,3,PM,6,0.5528455284552846
ecnn1,1,3,PM,7,0.5069444444444444
ecnn1,1,3,PM,8,0.6162253047498949
ecnn1,1,3,PM,9,0.5172117039586919
ecnn1,1,3,PM,10,0.5275758871312527
ecnn1,1,3,PM,11,0.4824202780049059
ecnn1,1,3,PM,12,0.5150992234685073
ecnn1,1,4,AM,1,0.6750205423171733
ecnn1,1,4,AM,2,0.6532438478747203
ecnn1,1,4,AM,3,0.5917012448132779
ecnn1,1,4,AM,4,0.6336041043180847
ecnn1,1,4,AM,5,0.7090327737809752
ecnn1,1,4,AM,6,0.6884400515685432
ecnn1,1,4,AM,7,0.7165841584158416
ecnn1,1,4,AM,8,0.6401369276850664
ecnn1,1,4,AM,9,0.6995533901745838
ecnn1,1,4,AM,10,0.6666666666666666
ecnn1,1,4,AM,11,0.6551436901291129
ecnn1,1,4,AM,12,0.6051969823973177
ecnn1,1,4,PM,1,0.7698607698607699
ecnn1,1,4,PM,2,0.7168776371308017
ecnn1,1,4,PM,3,0.7281385281385281
ecnn1,1,4,PM,4,0.6818369880016549
ecnn1,1,4,PM,5,0.7237433592153657
ecnn1,1,4,PM,6,0.6803411860276198
ecnn1,1,4,PM,7,0.7251533742331289
ecnn1,1,4,PM,8,0.6882741535920727
ecnn1,1,4,PM,9,0.7357640311347808
ecnn1,1,4,PM,10,0.6629550321199144
ecnn1,1,4,PM,11,0.6540854417254252
ecnn1,1,4,PM,12,0.6536833192209992
ecnn1,1,5,AM,1,0.602768456375839
ecnn1,1,5,AM,2,0.5628997867803838
ecnn1,1,5,AM,3,0.634699562276164
ecnn1,1,5,AM,4,0.6495287060839761
ecnn1,1,5,AM,5,0.5897539330375151
ecnn1,1,5,AM,6,0.6135781383432963
ecnn1,1,5,AM,7,0.5425278219395866
ecnn1,1,5,AM,8,0.5304166666666666
ecnn1,1,5,AM,9,0.6247422680412371
ecnn1,1,5,AM,10,0.5933277027027027
ecnn1,1,5,AM,11,0.6505441354292624
ecnn1,1,5,AM,12,0.6323165704863973
ecnn1,1,5,PM,1,0.6090047393364929
ecnn1,1,5,PM,2,0.5980433857932794
ecnn1,1,5,PM,3,0.6467259498787389
ecnn1,1,5,PM,4,0.6433067561896769
ecnn1,1,5,PM,5,0.6256873527101335
ecnn1,1,5,PM,6,0.6796036333608588
ecnn1,1,5,PM,7,0.5959150981177412
ecnn1,1,5,PM,8,0.6535269709543569
ecnn1,1,5,PM,9,0.6300990099009901
ecnn1,1,5,PM,10,0.6390484003281378
ecnn1,1,5,PM,11,0.6556584776480064
ecnn1,1,5,PM,12,0.6501061571125265
ecnn2,1,1,AM,1,0.696078431372549
ecnn2,1,1,AM,2,0.5968214136344626
ecnn2,1,1,AM,3,0.5303030303030303
ecnn2,1,1,AM,4,0.556525353283458
ecnn2,1,1,AM,5,0.5862893583100837
ecnn2,1,1,AM,6,0.5712468193384224
ecnn2,1,1,AM,7,0.6962387571545381
ecnn2,1,1,AM,8,0.6422832980972516
ecnn2,1,1,AM,9,0.6109746109746109
ecnn2,1,1,AM,10,0.6209150326797386
ecnn2,1,1,AM,11,0.6322761942994781
ecnn2,1,1,AM,12,0.5981659024593581
ecnn2,1,1,PM,1,0.6381811054488435
ecnn2,1,1,PM,2,0.6231702216645755
ecnn2,1,1,PM,3,0.607421875
ecnn2,1,1,PM,4,0.5844692275919041
ecnn2,1,1,PM,5,0.6345157433240335
ecnn2,1,1,PM,6,0.6119770303527482
ecnn2,1,1,PM,7,0.6673314718787395
ecnn2,1,1,PM,8,0.6158026755852842
ecnn2,1,1,PM,9,0.5727381426863292
ecnn2,1,1,PM,10,0.5746938775510204
ecnn2,1,1,PM,11,0.6856455493183641
ecnn2,1,1,PM,12,0.6166525781910397
ecnn2,1,2,AM,1,0.5509541209906618
ecnn2,1,2,AM,2,0.4634655532359082
ecnn2,1,2,AM,3,0.5296012887635925
ecnn2,1,2,AM,4,0.4359718193120597
ecnn2,1,2,AM,5,0.5249898415278342
ecnn2,1,2,AM,6,0.4538653366583541
ecnn2,1,2,AM,7,0.5386146496815286
ecnn2,1,2,AM,8,0.5045492142266336
ecnn2,1,2,AM,9,0.5910721402949383
ecnn2,1,2,AM,10,0.473036093418259
ecnn2,1,2,AM,11,0.577414205905826
ecnn2,1,2,AM,12,0.4443528441879637
ecnn2,1,2,PM,1,0.5351941747572816
ecnn2,1,2,PM,2,0.4983347210657785
ecnn2,1,2,PM,3,0.5018152480839048
ecnn2,1,2,PM,4,0.4770566349731294
ecnn2,1,2,PM,5,0.5285714285714286
ecnn2,1,2,PM,6,0.5248945147679325
ecnn2,1,2,PM,7,0.4856408058294042
ecnn2,1,2,PM,8,0.4899301274147144
ecnn2,1,2,PM,9,0.5442424242424242
ecnn2,1,2,PM,10,0.5367556468172484
ecnn2,1,2,PM,11,0.5670755836960824
ecnn2,1,2,PM,12,0.5322314049586777
ecnn2,1,3,AM,1,0.5333882934872217
ecnn2,1,3,AM,2,0.4288879042977404
ecnn2,1,3,AM,3,0.5171462357114702
ecnn2,1,3,AM,4,0.4536395147313692
ecnn2,1,3,AM,5,0.5373073803730738
ecnn2,1,3,AM,6,0.5071488645920942
ecnn2,1,3,AM,7,0.4756047560475605
ecnn2,1,3,AM,8,0.44716494845360827
ecnn2,1,3,AM,9,0.5398009950248757
ecnn2,1,3,AM,10,0.4925975773889637
ecnn2,1,3,AM,11,0.5367139959432049
ecnn2,1,3,AM,12,0.5120689655172413
ecnn2,1,3,PM,1,0.4072986577181208
ecnn2,1,3,PM,2,0.4140893470790378
ecnn2,1,3,PM,3,0.4328482328482329
ecnn2,1,3,PM,4,0.3696116090482288
ecnn2,1,3,PM,5,0.40922072623419015
ecnn2,1,3,PM,6,0.3804022250748823
ecnn2,1,3,PM,7,0.40727124183006536
ecnn2,1,3,PM,8,0.4329550231189576
ecnn2,1,3,PM,9,0.3941480206540448
ecnn2,1,3,PM,10,0.3924754168448055
ecnn2,1,3,PM,11,0.3789860997547016
ecnn2,1,3,PM,12,0.4188955996548749
ecnn2,1,4,AM,1,0.5493015612161052
ecnn2,1,4,AM,2,0.5686800894854586
ecnn2,1,4,AM,3,0.4946058091286307
ecnn2,1,4,AM,4,0.5036340316374519
ecnn2,1,4,AM,5,0.5907274180655475
ecnn2,1,4,AM,6,0.5504941985388913
ecnn2,1,4,AM,7,0.5676567656765676
ecnn2,1,4,AM,8,0.5160462130937099
ecnn2,1,4,AM,9,0.5972391392610638
ecnn2,1,4,AM,10,0.5333333333333333
ecnn2,1,4,AM,11,0.521865889212828
ecnn2,1,4,AM,12,0.5234702430846605
ecnn2,1,4,PM,1,0.5204750204750205
ecnn2,1,4,PM,2,0.4409282700421941
ecnn2,1,4,PM,3,0.4692640692640693
ecnn2,1,4,PM,4,0.4240794373189905
ecnn2,1,4,PM,5,0.4940743767879036
ecnn2,1,4,PM,6,0.4130787977254265
ecnn2,1,4,PM,7,0.4793456032719837
ecnn2,1,4,PM,8,0.4331131296449216
ecnn2,1,4,PM,9,0.5247849242113888
ecnn2,1,4,PM,10,0.4158458244111349
ecnn2,1,4,PM,11,0.5271671505599337
ecnn2,1,4,PM,12,0.4614733276883997
ecnn2,1,5,AM,1,0.5364932885906041
ecnn2,1,5,AM,2,0.3803837953091685
ecnn2,1,5,AM,3,0.4691603660962992
ecnn2,1,5,AM,4,0.4605826906598115
ecnn2,1,5,AM,5,0.518354175070593
ecnn2,1,5,AM,6,0.3454312553373185
ecnn2,1,5,AM,7,0.4407790143084261
ecnn2,1,5,AM,8,0.305
ecnn2,1,5,AM,9,0.4721649484536082
ecnn2,1,5,AM,10,0.4163851351351352
ecnn2,1,5,AM,11,0.467956469165659
ecnn2,1,5,AM,12,0.3173948887056884
ecnn2,1,5,PM,1,0.5086887835703001
ecnn2,1,5,PM,2,0.3730327520204169
ecnn2,1,5,PM,3,0.5052546483427648
ecnn2,1,5,PM,4,0.4720939991607218
ecnn2,1,5,PM,5,0.4988216810683425
ecnn2,1,5,PM,6,0.4405450041288192
ecnn2,1,5,PM,7,0.4833800560672808
ecnn2,1,5,PM,8,0.41244813278008297
ecnn2,1,5,PM,9,0.4986138613861386
ecnn2,1,5,PM,10,0.4097621000820345
ecnn2,1,5,PM,11,0.5022150624244865
ecnn2,1,5,PM,12,0.475583864118896
ecnn3,1,1,AM,1,0.9615686274509804
ecnn3,1,1,AM,2,0.9339188624006692
ecnn3,1,1,AM,3,0.6961722488038278
ecnn3,1,1,AM,4,0.92643391521197
ecnn3,1,1,AM,5,0.9517736149860502
ecnn3,1,1,AM,6,0.9406276505513148
ecnn3,1,1,AM,7,0.9533932951757972
ecnn3,1,1,AM,8,0.955602536997886
ecnn3,1,1,AM,9,0.7616707616707616
ecnn3,1,1,AM,10,0.9219771241830066
ecnn3,1,1,AM,11,0.9494179044560418
ecnn3,1,1,AM,12,0.9499791579824928
ecnn3,1,1,PM,1,0.9698157585260682
ecnn3,1,1,PM,2,0.9661229611041404
ecnn3,1,1,PM,3,0.740234375
ecnn3,1,1,PM,4,0.9533250722841801
ecnn3,1,1,PM,5,0.9525707453168591
ecnn3,1,1,PM,6,0.9671862182116489
ecnn3,1,1,PM,7,0.9393697646589548
ecnn3,1,1,PM,8,0.9389632107023412
ecnn3,1,1,PM,9,0.7150259067357513
ecnn3,1,1,PM,10,0.9432653061224492
ecnn3,1,1,PM,11,0.967121090617482
ecnn3,1,1,PM,12,0.9437869822485208
ecnn3,1,2,AM,1,0.6837190418189201
ecnn3,1,2,AM,2,0.619624217118998
ecnn3,1,2,AM,3,0.6814337494965768
ecnn3,1,2,AM,4,0.5826771653543307
ecnn3,1,2,AM,5,0.6184477854530679
ecnn3,1,2,AM,6,0.6093100581878637
ecnn3,1,2,AM,7,0.6839171974522293
ecnn3,1,2,AM,8,0.6236559139784946
ecnn3,1,2,AM,9,0.689916301315265
ecnn3,1,2,AM,10,0.6250530785562632
ecnn3,1,2,AM,11,0.7027134876296888
ecnn3,1,2,AM,12,0.6104699093157461
ecnn3,1,2,PM,1,0.6262135922330098
ecnn3,1,2,PM,2,0.6144879267277269
ecnn3,1,2,PM,3,0.6482452601855587
ecnn3,1,2,PM,4,0.6081025217031831
ecnn3,1,2,PM,5,0.636734693877551
ecnn3,1,2,PM,6,0.6244725738396625
ecnn3,1,2,PM,7,0.642091727389627
ecnn3,1,2,PM,8,0.6346074804767776
ecnn3,1,2,PM,9,0.665050505050505
ecnn3,1,2,PM,10,0.6899383983572895
ecnn3,1,2,PM,11,0.7269489513256826
ecnn3,1,2,PM,12,0.721900826446281
ecnn3,1,3,AM,1,0.6471558120362737
ecnn3,1,3,AM,2,0.5396544085068675
ecnn3,1,3,AM,3,0.6255419787150177
ecnn3,1,3,AM,4,0.5021663778162911
ecnn3,1,3,AM,5,0.6711273317112734
ecnn3,1,3,AM,6,0.6173254835996635
ecnn3,1,3,AM,7,0.6363263632636327
ecnn3,1,3,AM,8,0.5983676975945017
ecnn3,1,3,AM,9,0.6674958540630183
ecnn3,1,3,AM,10,0.6460296096904441
ecnn3,1,3,AM,11,0.6734279918864098
ecnn3,1,3,AM,12,0.7017241379310345
ecnn3,1,3,PM,1,0.5574664429530202
ecnn3,1,3,PM,2,0.572594501718213
ecnn3,1,3,PM,3,0.5613305613305614
ecnn3,1,3,PM,4,0.5616730687153222
ecnn3,1,3,PM,5,0.5083639330885353
ecnn3,1,3,PM,6,0.5934959349593496
ecnn3,1,3,PM,7,0.5334967320261438
ecnn3,1,3,PM,8,0.5809163514081547
ecnn3,1,3,PM,9,0.5275387263339071
ecnn3,1,3,PM,10,0.563061137238136
ecnn3,1,3,PM,11,0.5474243663123467
ecnn3,1,3,PM,12,0.5526315789473685
ecnn3,1,4,AM,1,0.6803615447822514
ecnn3,1,4,AM,2,0.640268456375839
ecnn3,1,4,AM,3,0.6149377593360996
ecnn3,1,4,AM,4,0.6220607097050022
ecnn3,1,4,AM,5,0.706634692246203
ecnn3,1,4,AM,6,0.6794155565105285
ecnn3,1,4,AM,7,0.6976072607260726
ecnn3,1,4,AM,8,0.6508344030808729
ecnn3,1,4,AM,9,0.7283800243605358
ecnn3,1,4,AM,10,0.6874734607218683
ecnn3,1,4,AM,11,0.6501457725947521
ecnn3,1,4,AM,12,0.6244761106454317
ecnn3,1,4,PM,1,0.6871416871416871
ecnn3,1,4,PM,2,0.6535864978902953
ecnn3,1,4,PM,3,0.6597402597402597
ecnn3,1,4,PM,4,0.6404633843607779
ecnn3,1,4,PM,5,0.6787903555373928
ecnn3,1,4,PM,6,0.5576766856214461
ecnn3,1,4,PM,7,0.6605316973415133
ecnn3,1,4,PM,8,0.6407927332782825
ecnn3,1,4,PM,9,0.6640721015977059
ecnn3,1,4,PM,10,0.5597430406852248
ecnn3,1,4,PM,11,0.6656988801327249
ecnn3,1,4,PM,12,0.6079593564775614
ecnn3,1,5,AM,1,0.6103187919463087
ecnn3,1,5,AM,2,0.5181236673773987
ecnn3,1,5,AM,3,0.6167926780740152
ecnn3,1,5,AM,4,0.565981148243359
ecnn3,1,5,AM,5,0.6603469140782574
ecnn3,1,5,AM,6,0.5204953031596926
ecnn3,1,5,AM,7,0.5631955484896661
ecnn3,1,5,AM,8,0.4591666666666666
ecnn3,1,5,AM,9,0.6189690721649485
ecnn3,1,5,AM,10,0.5481418918918919
ecnn3,1,5,AM,11,0.6017734784361145
ecnn3,1,5,AM,12,0.5218466611706513
ecnn3,1,5,PM,1,0.5916271721958926
ecnn3,1,5,PM,2,0.5299872394725649
ecnn3,1,5,PM,3,0.5970088924818109
ecnn3,1,5,PM,4,0.5895929500629459
ecnn3,1,5,PM,5,0.617439120188531
ecnn3,1,5,PM,6,0.615606936416185
ecnn3,1,5,PM,7,0.5963155786944333
ecnn3,1,5,PM,8,0.58298755186722
ecnn3,1,5,PM,9,0.5786138613861386
ecnn3,1,5,PM,10,0.5471698113207547
ecnn3,1,5,PM,11,0.6093435360451067
ecnn3,1,5,PM,12,0.5796178343949044
etcn0,1,1,AM,1,0.8223529411764706
etcn0,1,1,AM,2,0.8193224592220828
etcn0,1,1,AM,3,0.6778309409888357
etcn0,1,1,AM,4,0.8403990024937655
etcn0,1,1,AM,5,0.8369868473495417
etcn0,1,1,AM,6,0.8278201865988125
etcn0,1,1,AM,7,0.8082583810302535
etcn0,1,1,AM,8,0.8325581395348837
etcn0,1,1,AM,9,0.7002457002457002
etcn0,1,1,AM,10,0.8406862745098039
etcn0,1,1,AM,11,0.8466479325572059
etcn0,1,1,AM,12,0.8553563984993747
etcn0,1,1,PM,1,0.8722069776558212
etcn0,1,1,PM,2,0.8439983270598076
etcn0,1,1,PM,3,0.6875
etcn0,1,1,PM,4,0.8413878562577447
etcn0,1,1,PM,5,0.8441610203268234
etcn0,1,1,PM,6,0.8392124692370796
etcn0,1,1,PM,7,0.8595931392102114
etcn0,1,1,PM,8,0.8599498327759197
etcn0,1,1,PM,9,0.6632124352331606
etcn0,1,1,PM,10,0.8318367346938775
etcn0,1,1,PM,11,0.8753007217321572
etcn0,1,1,PM,12,0.8415046491969569
etcn0,1,2,AM,1,0.657328461226147
etcn0,1,2,AM,2,0.6371607515657621
etcn0,1,2,AM,3,0.7015706806282722
etcn0,1,2,AM,4,0.6406962287608786
etcn0,1,2,AM,5,0.670865501828525
etcn0,1,2,AM,6,0.6496259351620948
etcn0,1,2,AM,7,0.6464968152866242
etcn0,1,2,AM,8,0.6563275434243176
etcn0,1,2,AM,9,0.6851335193304106
etcn0,1,2,AM,10,0.5868365180467091
etcn0,1,2,AM,11,0.6867517956903432
etcn0,1,2,AM,12,0.5758450123660346
etcn0,1,2,PM,1,0.5711974110032363
etcn0,1,2,PM,2,0.5795170691090757
etcn0,1,2,PM,3,0.6296893908834207
etcn0,1,2,PM,4,0.621331128565523
etcn0,1,2,PM,5,0.6240816326530613
etcn0,1,2,PM,6,0.5443037974683544
etcn0,1,2,PM,7,0.6305186455207887
etcn0,1,2,PM,8,0.6062474311549527
etcn0,1,2,PM,9,0.6428282828282829
etcn0,1,2,PM,10,0.6151950718685831
etcn0,1,2,PM,11,0.6683814800158291
etcn0,1,2,PM,12,0.6723140495867769
etcn0,1,3,AM,1,0.6170651277823578
etcn0,1,3,AM,2,0.5414266725742135
etcn0,1,3,AM,3,0.6148994875837603
etcn0,1,3,AM,4,0.5398613518197574
etcn0,1,3,AM,5,0.7112733171127331
etcn0,1,3,AM,6,0.5761143818334735
etcn0,1,3,AM,7,0.6252562525625256
etcn0,1,3,AM,8,0.6073883161512027
etcn0,1,3,AM,9,0.6513266998341625
etcn0,1,3,AM,10,0.6563481381785554
etcn0,1,3,AM,11,0.6657200811359026
etcn0,1,3,AM,12,0.6409482758620689
etcn0,1,3,PM,1,0.3615771812080537
etcn0,1,3,PM,2,0.4145189003436425
etcn0,1,3,PM,3,0.4008316008316009
etcn0,1,3,PM,4,0.38412291933418696
etcn0,1,3,PM,5,0.35414116687066505
etcn0,1,3,PM,6,0.4167736414206247
etcn0,1,3,PM,7,0.3819444444444444
etcn0,1,3,PM,8,0.469525010508617
etcn0,1,3,PM,9,0.3808089500860585
etcn0,1,3,PM,10,0.41000427533133815
etcn0,1,3,PM,11,0.3679476696647588
etcn0,1,3,PM,12,0.4253666954270923
etcn0,1,4,AM,1,0.6388660640920296
etcn0,1,4,AM,2,0.6259507829977629
etcn0,1,4,AM,3,0.6323651452282157
etcn0,1,4,AM,4,0.669089354424968
etcn0,1,4,AM,5,0.7142286171063149
etcn0,1,4,AM,6,0.6420283626987537
etcn0,1,4,AM,7,0.7363861386138614
etcn0,1,4,AM,8,0.6397090286692341
etcn0,1,4,AM,9,0.6975233455136013
etcn0,1,4,AM,10,0.6356687898089172
etcn0,1,4,AM,11,0.6618075801749271
etcn0,1,4,AM,12,0.5393964794635373
etcn0,1,4,PM,1,0.6744471744471745
etcn0,1,4,PM,2,0.6025316455696202
etcn0,1,4,PM,3,0.6727272727272727
etcn0,1,4,PM,4,0.6135705419942077
etcn0,1,4,PM,5,0.6763383735185942
etcn0,1,4,PM,6,0.5962632006498781
etcn0,1,4,PM,7,0.6809815950920245
etcn0,1,4,PM,8,0.6424442609413707
etcn0,1,4,PM,9,0.7021712412945514
etcn0,1,4,PM,10,0.6077087794432549
etcn0,1,4,PM,11,0.6532559104106179
etcn0,1,4,PM,12,0.5647756138865369
etcn0,1,5,AM,1,0.5394295302013423
etcn0,1,5,AM,2,0.4635394456289978
etcn0,1,5,AM,3,0.5662554715479506
etcn0,1,5,AM,4,0.4952870608397601
etcn0,1,5,AM,5,0.5437676482452601
etcn0,1,5,AM,6,0.4654141759180188
etcn0,1,5,AM,7,0.5290143084260731
etcn0,1,5,AM,8,0.4295833333333333
etcn0,1,5,AM,9,0.5649484536082474
etcn0,1,5,AM,10,0.4653716216216216
etcn0,1,5,AM,11,0.5429262394195888
etcn0,1,5,AM,12,0.4826875515251442
etcn0,1,5,PM,1,0.5730647709320695
etcn0,1,5,PM,2,0.5036154827732879
etcn0,1,5,PM,3,0.6325788197251415
etcn0,1,5,PM,4,0.5442719261435166
etcn0,1,5,PM,5,0.5628436763550668
etcn0,1,5,PM,6,0.5718414533443436
etcn0,1,5,PM,7,0.6175410492591109
etcn0,1,5,PM,8,0.5630705394190871
etcn0,1,5,PM,9,0.6015841584158416
etcn0,1,5,PM,10,0.5365053322395406
etcn0,1,5,PM,11,0.6621022956101489
etcn0,1,5,PM,12,0.5184713375796178
etcn1,1,1,AM,1,0.8627450980392157
etcn1,1,1,AM,2,0.8281053952321205
etcn1,1,1,AM,3,0.5769537480063796
etcn1,1,1,AM,4,0.8628428927680798
etcn1,1,1,AM,5,0.8377839776803507
etcn1,1,1,AM,6,0.8447837150127226
etcn1,1,1,AM,7,0.83892068683565
etcn1,1,1,AM,8,0.8439746300211417
etcn1,1,1,AM,9,0.6167076167076168
etcn1,1,1,AM,10,0.8345588235294118
etcn1,1,1,AM,11,0.8201525491770373
etcn1,1,1,AM,12,0.8336807002917882
etcn1,1,1,PM,1,0.7992943943551548
etcn1,1,1,PM,2,0.8105395232120451
etcn1,1,1,PM,3,0.57265625
etcn1,1,1,PM,4,0.7839735646427096
etcn1,1,1,PM,5,0.8198485452371462
etcn1,1,1,PM,6,0.7735849056603774
etcn1,1,1,PM,7,0.8141204627044276
etcn1,1,1,PM,8,0.8465719063545151
etcn1,1,1,PM,9,0.5544041450777202
etcn1,1,1,PM,10,0.8167346938775509
etcn1,1,1,PM,11,0.8496391339214114
etcn1,1,1,PM,12,0.7802197802197802
etcn1,1,2,AM,1,0.5749086479902558
etcn1,1,2,AM,2,0.5979123173277662
etcn1,1,2,AM,3,0.6584776480064438
etcn1,1,2,AM,4,0.533360961458765
etcn1,1,2,AM,5,0.5749695245835026
etcn1,1,2,AM,6,0.5814630091438071
etcn1,1,2,AM,7,0.6182324840764332
etcn1,1,2,AM,8,0.58767576509512
etcn1,1,2,AM,9,0.6432841769629334
etcn1,1,2,AM,10,0.5150743099787686
etcn1,1,2,AM,11,0.6073423782920989
etcn1,1,2,AM,12,0.5403957131079967
etcn1,1,2,PM,1,0.5497572815533981
etcn1,1,2,PM,2,0.5083263946711074
etcn1,1,2,PM,3,0.5837031060911658
etcn1,1,2,PM,4,0.5638693675072344
etcn1,1,2,PM,5,0.5771428571428572
etcn1,1,2,PM,6,0.4848101265822785
etcn1,1,2,PM,7,0.5855122160308616
etcn1,1,2,PM,8,0.5462392108508015
etcn1,1,2,PM,9,0.5737373737373738
etcn1,1,2,PM,10,0.5597535934291581
etcn1,1,2,PM,11,0.6141669964384646
etcn1,1,2,PM,12,0.5917355371900826
etcn1,1,3,AM,1,0.5152514427040396
etcn1,1,3,AM,2,0.5321222862206468
etcn1,1,3,AM,3,0.5218762317698069
etcn1,1,3,AM,4,0.5225303292894281
etcn1,1,3,AM,5,0.5616382806163828
etcn1,1,3,AM,6,0.5613961312026914
etcn1,1,3,AM,7,0.4686346863468634
etcn1,1,3,AM,8,0.5786082474226805
etcn1,1,3,AM,9,0.5501658374792703
etcn1,1,3,AM,10,0.5657245401525348
etcn1,1,3,AM,11,0.5290060851926978
etcn1,1,3,AM,12,0.5978448275862069
etcn1,1,3,PM,1,0.3829697986577181
etcn1,1,3,PM,2,0.3612542955326461
etcn1,1,3,PM,3,0.3783783783783784
etcn1,1,3,PM,4,0.4152795561246265
etcn1,1,3,PM,5,0.3818849449204406
etcn1,1,3,PM,6,0.3812580231065468
etcn1,1,3,PM,7,0.4211601307189543
etcn1,1,3,PM,8,0.3976460697772173
etcn1,1,3,PM,9,0.3855421686746988
etcn1,1,3,PM,10,0.33390337751175714
etcn1,1,3,PM,11,0.3757154538021259
etcn1,1,3,PM,12,0.3748921484037964
etcn1,1,4,AM,1,0.5419063270336894
etcn1,1,4,AM,2,0.5458612975391499
etcn1,1,4,AM,3,0.4717842323651452
etcn1,1,4,AM,4,0.5451047456177853
etcn1,1,4,AM,5,0.6270983213429256
etcn1,1,4,AM,6,0.5479157713794586
etcn1,1,4,AM,7,0.6604785478547854
etcn1,1,4,AM,8,0.4865211810012837
etcn1,1,4,AM,9,0.5728786033292732
etcn1,1,4,AM,10,0.5753715498938429
etcn1,1,4,AM,11,0.5764264889629321
etcn1,1,4,AM,12,0.4480301760268232
etcn1,1,4,PM,1,0.6093366093366094
etcn1,1,4,PM,2,0.5295358649789029
etcn1,1,4,PM,3,0.6502164502164502
etcn1,1,4,PM,4,0.5324782788580885
etcn1,1,4,PM,5,0.6085002043318349
etcn1,1,4,PM,6,0.49634443541835904
etcn1,1,4,PM,7,0.5386503067484663
etcn1,1,4,PM,8,0.5169281585466556
etcn1,1,4,PM,9,0.5944285129045473
etcn1,1,4,PM,10,0.5627408993576017
etcn1,1,4,PM,11,0.5342181667357943
etcn1,1,4,PM,12,0.5033869602032176
etcn1,1,5,AM,1,0.4941275167785235
etcn1,1,5,AM,2,0.4746268656716418
etcn1,1,5,AM,3,0.5109430959013131
etcn1,1,5,AM,4,0.5428449014567267
etcn1,1,5,AM,5,0.5110931827349737
etcn1,1,5,AM,6,0.4991460290350128
etcn1,1,5,AM,7,0.4085850556438792
etcn1,1,5,AM,8,0.4883333333333333
etcn1,1,5,AM,9,0.4960824742268041
etcn1,1,5,AM,10,0.4852195945945946
etcn1,1,5,AM,11,0.4611043933897622
etcn1,1,5,AM,12,0.5432811211871393
etcn1,1,5,PM,1,0.5406793048973144
etcn1,1,5,PM,2,0.466184602296895
etcn1,1,5,PM,3,0.5602263540824576
etcn1,1,5,PM,4,0.4813260595887537
etcn1,1,5,PM,5,0.5447761194029851
etcn1,1,5,PM,6,0.5388109000825764
etcn1,1,5,PM,7,0.5470564677613136
etcn1,1,5,PM,8,0.5236514522821577
etcn1,1,5,PM,9,0.5912871287128713
etcn1,1,5,PM,10,0.5143560295324036
etcn1,1,5,PM,11,0.5650422875553766
etcn1,1,5,PM,12,0.5167728237791932
etcn2,1,1,AM,1,0.5988235294117648
etcn2,1,1,AM,2,0.5161020493517356
etcn2,1,1,AM,3,0.5259170653907496
etcn2,1,1,AM,4,0.5914380714879468
etcn2,1,1,AM,5,0.5803108808290155
etcn2,1,1,AM,6,0.5856658184902459
etcn2,1,1,AM,7,0.6083401471790678
etcn2,1,1,AM,8,0.5940803382663847
etcn2,1,1,AM,9,0.5765765765765766
etcn2,1,1,AM,10,0.5931372549019608
etcn2,1,1,AM,11,0.6073865917302288
etcn2,1,1,AM,12,0.602334305960817
etcn2,1,1,PM,1,0.5985887887103096
etcn2,1,1,PM,2,0.5474696779590129
etcn2,1,1,PM,3,0.517578125
etcn2,1,1,PM,4,0.5287071458075175
etcn2,1,1,PM,5,0.5870864886408927
etcn2,1,1,PM,6,0.5512715340442986
etcn2,1,1,PM,7,0.5584363781412046
etcn2,1,1,PM,8,0.544732441471572
etcn2,1,1,PM,9,0.5595854922279793
etcn2,1,1,PM,10,0.5857142857142857
etcn2,1,1,PM,11,0.5958299919807538
etcn2,1,1,PM,12,0.5553677092138629
etcn2,1,2,AM,1,0.5314656922452294
etcn2,1,2,AM,2,0.5620041753653444
etcn2,1,2,AM,3,0.5775271848570278
etcn2,1,2,AM,4,0.4919187733112309
etcn2,1,2,AM,5,0.5623730190979277
etcn2,1,2,AM,6,0.5166251039068994
etcn2,1,2,AM,7,0.5979299363057324
etcn2,1,2,AM,8,0.5260545905707196
etcn2,1,2,AM,9,0.6209645277002789
etcn2,1,2,AM,10,0.4700636942675159
etcn2,1,2,AM,11,0.597366320830008
etcn2,1,2,AM,12,0.483924154987634
etcn2,1,2,PM,1,0.4991909385113269
etcn2,1,2,PM,2,0.4658617818484596
etcn2,1,2,PM,3,0.5284388866478419
etcn2,1,2,PM,4,0.4993799090533278
etcn2,1,2,PM,5,0.5428571428571428
etcn2,1,2,PM,6,0.4759493670886076
etcn2,1,2,PM,7,0.5799399914273468
etcn2,1,2,PM,8,0.4796547472256473
etcn2,1,2,PM,9,0.5478787878787879
etcn2,1,2,PM,10,0.5293634496919918
etcn2,1,2,PM,11,0.5690542144835774
etcn2,1,2,PM,12,0.5479338842975207
etcn2,1,3,AM,1,0.4921681780708986
etcn2,1,3,AM,2,0.4980062029242357
etcn2,1,3,AM,3,0.5139929050059125
etcn2,1,3,AM,4,0.4904679376083189
etcn2,1,3,AM,5,0.5421735604217356
etcn2,1,3,AM,6,0.5588730025231287
etcn2,1,3,AM,7,0.4694546945469455
etcn2,1,3,AM,8,0.5609965635738832
etcn2,1,3,AM,9,0.5211442786069652
etcn2,1,3,AM,10,0.5576491700314042
etcn2,1,3,AM,11,0.5156186612576065
etcn2,1,3,AM,12,0.5982758620689655
etcn2,1,3,PM,1,0.386744966442953
etcn2,1,3,PM,2,0.3810137457044673
etcn2,1,3,PM,3,0.4083160083160083
etcn2,1,3,PM,4,0.4366197183098591
etcn2,1,3,PM,5,0.3688290493676051
etcn2,1,3,PM,6,0.4017971758664955
etcn2,1,3,PM,7,0.43178104575163395
etcn2,1,3,PM,8,0.3871374527112232
etcn2,1,3,PM,9,0.40748709122203103
etcn2,1,3,PM,10,0.3531423685335613
etcn2,1,3,PM,11,0.3977923139820114
etcn2,1,3,PM,12,0.3861087144089733
etcn2,1,4,AM,1,0.4963023829087922
etcn2,1,4,AM,2,0.5234899328859061
etcn2,1,4,AM,3,0.4381742738589212
etcn2,1,4,AM,4,0.5177426250534416
etcn2,1,4,AM,5,0.5847322142286171
etcn2,1,4,AM,6,0.5663944993553932
etcn2,1,4,AM,7,0.5651815181518152
etcn2,1,4,AM,8,0.5614035087719298
etcn2,1,4,AM,9,0.5302476654486399
etcn2,1,4,AM,10,0.5851380042462845
etcn2,1,4,AM,11,0.4810495626822158
etcn2,1,4,AM,12,0.5163453478625314
etcn2,1,4,PM,1,0.5986895986895987
etcn2,1,4,PM,2,0.5046413502109705
etcn2,1,4,PM,3,0.5974025974025974
etcn2,1,4,PM,4,0.5179975175837815
etcn2,1,4,PM,5,0.5770331017572538
etcn2,1,4,PM,6,0.496344435418359
etcn2,1,4,PM,7,0.5652351738241309
etcn2,1,4,PM,8,0.5260115606936416
etcn2,1,4,PM,9,0.5694387546087669
etcn2,1,4,PM,10,0.5567451820128481
etcn2,1,4,PM,11,0.5499792617171299
etcn2,1,4,PM,12,0.5444538526672311
etcn2,1,5,AM,1,0.4802852348993288
etcn2,1,5,AM,2,0.4869936034115139
etcn2,1,5,AM,3,0.5021886191802626
etcn2,1,5,AM,4,0.4794344473007712
etcn2,1,5,AM,5,0.4949576442113756
etcn2,1,5,AM,6,0.4568744662681469
etcn2,1,5,AM,7,0.4574721780604134
etcn2,1,5,AM,8,0.4675
etcn2,1,5,AM,9,0.4841237113402062
etcn2,1,5,AM,10,0.4467905405405405
etcn2,1,5,AM,11,0.5135026199113261
etcn2,1,5,AM,12,0.4806265457543281
etcn2,1,5,PM,1,0.5584518167456556
etcn2,1,5,PM,2,0.4210974053594215
etcn2,1,5,PM,3,0.5299110751818916
etcn2,1,5,PM,4,0.4897188417960554
etcn2,1,5,PM,5,0.5066771406127258
etcn2,1,5,PM,6,0.5227085053674649
etcn2,1,5,PM,7,0.5022026431718062
etcn2,1,5,PM,8,0.4867219917012448
etcn2,1,5,PM,9,0.5671287128712871
etcn2,1,5,PM,10,0.5131255127153405
etcn2,1,5,PM,11,0.5412807088199758
etcn2,1,5,PM,12,0.4738853503184714
etcn3,1,1,AM,1,0.7568627450980392
etcn3,1,1,AM,2,0.7214554579673776
etcn3,1,1,AM,3,0.75
etcn3,1,1,AM,4,0.7684954280964256
etcn3,1,1,AM,5,0.5838979673176564
etcn3,1,1,AM,6,0.7332485156912638
etcn3,1,1,AM,7,0.7816843826655765
etcn3,1,1,AM,8,0.7843551797040169
etcn3,1,1,AM,9,0.7600327600327601
etcn3,1,1,AM,10,0.7414215686274509
etcn3,1,1,AM,11,0.5993576876756322
etcn3,1,1,AM,12,0.7969987494789496
etcn3,1,1,PM,1,0.7745981967855743
etcn3,1,1,PM,2,0.7344207444583856
etcn3,1,1,PM,3,0.769921875
etcn3,1,1,PM,4,0.7397769516728625
etcn3,1,1,PM,5,0.5583897967317657
etcn3,1,1,PM,6,0.7420016406890895
etcn3,1,1,PM,7,0.7714399680893498
etcn3,1,1,PM,8,0.7663043478260869
etcn3,1,1,PM,9,0.7819848545237146
etcn3,1,1,PM,10,0.7485714285714286
etcn3,1,1,PM,11,0.5332798716920609
etcn3,1,1,PM,12,0.7396449704142012
etcn3,1,2,AM,1,0.5026390580592773
etcn3,1,2,AM,2,0.5745302713987473
etcn3,1,2,AM,3,0.6254530809504631
etcn3,1,2,AM,4,0.5412349772067965
etcn3,1,2,AM,5,0.5741568468102397
etcn3,1,2,AM,6,0.5199501246882793
etcn3,1,2,AM,7,0.5915605095541401
etcn3,1,2,AM,8,0.5686517783291977
etcn3,1,2,AM,9,0.6237544838581108
etcn3,1,2,AM,10,0.513375796178344
etcn3,1,2,AM,11,0.6021548284118117
etcn3,1,2,AM,12,0.5
etcn3,1,2,PM,1,0.5218446601941747
etcn3,1,2,PM,2,0.5083263946711074
etcn3,1,2,PM,3,0.5639370713997579
etcn3,1,2,PM,4,0.5477470028937578
etcn3,1,2,PM,5,0.5844897959183674
etcn3,1,2,PM,6,0.4578059071729958
etcn3,1,2,PM,7,0.5906558079725676
etcn3,1,2,PM,8,0.5187011919441019
etcn3,1,2,PM,9,0.5616161616161616
etcn3,1,2,PM,10,0.5084188911704313
etcn3,1,2,PM,11,0.6094182825484764
etcn3,1,2,PM,12,0.5533057851239669
etcn3,1,3,AM,1,0.4563066776586974
etcn3,1,3,AM,2,0.5081967213114754
etcn3,1,3,AM,3,0.4804887662593614
etcn3,1,3,AM,4,0.4718370883882149
etcn3,1,3,AM,5,0.5089213300892133
etcn3,1,3,AM,6,0.5647603027754415
etcn3,1,3,AM,7,0.4616646166461665
etcn3,1,3,AM,8,0.5335051546391752
etcn3,1,3,AM,9,0.5033167495854063
etcn3,1,3,AM,10,0.5343203230148048
etcn3,1,3,AM,11,0.5184584178498985
etcn3,1,3,AM,12,0.5642241379310344
etcn3,1,3,PM,1,0.40436241610738255
etcn3,1,3,PM,2,0.36726804123711343
etcn3,1,3,PM,3,0.3920997920997921
etcn3,1,3,PM,4,0.4152795561246265
etcn3,1,3,PM,5,0.3578131374949
etcn3,1,3,PM,6,0.3761232349165597
etcn3,1,3,PM,7,0.4084967320261438
etcn3,1,3,PM,8,0.3766288356452291
etcn3,1,3,PM,9,0.403184165232358
etcn3,1,3,PM,10,0.34587430525865753
etcn3,1,3,PM,11,0.3969746524938675
etcn3,1,3,PM,12,0.3809318377911993
etcn3,1,4,AM,1,0.4897288414133114
etcn3,1,4,AM,2,0.5078299776286354
etcn3,1,4,AM,3,0.4506224066390042
etcn3,1,4,AM,4,0.5348439504061565
etcn3,1,4,AM,5,0.5783373301358913
etcn3,1,4,AM,6,0.5088096261280619
etcn3,1,4,AM,7,0.5734323432343235
etcn3,1,4,AM,8,0.4933675652545999
etcn3,1,4,AM,9,0.559074299634592
etcn3,1,4,AM,10,0.5592356687898089
etcn3,1,4,AM,11,0.4939608496459809
etcn3,1,4,AM,12,0.442162615255658
etcn3,1,4,PM,1,0.6052416052416052
etcn3,1,4,PM,2,0.4763713080168777
etcn3,1,4,PM,3,0.6229437229437229
etcn3,1,4,PM,4,0.5002068680182044
etcn3,1,4,PM,5,0.5921536575398447
etcn3,1,4,PM,6,0.4727863525588952
etcn3,1,4,PM,7,0.5795501022494888
etcn3,1,4,PM,8,0.4933938893476466
etcn3,1,4,PM,9,0.5993445309299468
etcn3,1,4,PM,10,0.5216274089935761
etcn3,1,4,PM,11,0.5711323102447118
etcn3,1,4,PM,12,0.5
etcn3,1,5,AM,1,0.4962248322147651
etcn3,1,5,AM,2,0.44264392324093815
etcn3,1,5,AM,3,0.4739355352168722
etcn3,1,5,AM,4,0.4490145672664953
etcn3,1,5,AM,5,0.4251714400968133
etcn3,1,5,AM,6,0.4666951323654996
etcn3,1,5,AM,7,0.3899046104928458
etcn3,1,5,AM,8,0.44583333333333336
etcn3,1,5,AM,9,0.4177319587628866
etcn3,1,5,AM,10,0.44341216216216217
etcn3,1,5,AM,11,0.4796453043127771
etcn3,1,5,AM,12,0.5094806265457543
etcn3,1,5,PM,1,0.5458135860979463
etcn3,1,5,PM,2,0.447043811144194
etcn3,1,5,PM,3,0.5545675020210186
etcn3,1,5,PM,4,0.4699958036088964
etcn3,1,5,PM,5,0.5117831893165751
etcn3,1,5,PM,6,0.4925681255161024
etcn3,1,5,PM,7,0.5382458950740889
etcn3,1,5,PM,8,0.4846473029045643
etcn3,1,5,PM,9,0.5631683168316831
etcn3,1,5,PM,10,0.4585726004922067
etcn3,1,5,PM,11,0.5569875151026984
etcn3,1,5,PM,12,0.4611464968152866
ecnn0,1,1,AM,1,0.9847058823529412
ecnn0,1,1,AM,2,0.9882894186532832
ecnn0,1,1,AM,3,0.7890749601275917
ecnn0,1,1,AM,4,0.9846217788861179
ecnn0,1,1,AM,5,0.9896373056994818
ecnn0,1,1,AM,6,0.9910941475826972
ecnn0,1,1,AM,7,0.9869174161896974
ecnn0,1,1,AM,8,0.9932346723044396
ecnn0,1,1,AM,9,0.8255528255528255
ecnn0,1,1,AM,10,0.9808006535947712
ecnn0,1,1,AM,11,0.9919710959454034
ecnn0,1,1,AM,12,0.9954147561483953
ecnn0,1,1,PM,1,0.987063896511172
ecnn0,1,1,PM,2,0.98452530322041
ecnn0,1,1,PM,3,0.77265625
ecnn0,1,1,PM,4,0.986782321354812
ecnn0,1,1,PM,5,0.9832602630530092
ecnn0,1,1,PM,6,0.9885151763740772
ecnn0,1,1,PM,7,0.9848424411647388
ecnn0,1,1,PM,8,0.9891304347826086
ecnn0,1,1,PM,9,0.7604623355918693
ecnn0,1,1,PM,10,0.9767346938775512
ecnn0,1,1,PM,11,0.9903769045709704
ecnn0,1,1,PM,12,0.981403212172443
ecnn0,1,2,AM,1,0.7206658546488023
ecnn0,1,2,AM,2,0.7210855949895616
ecnn0,1,2,AM,3,0.7426500201369312
ecnn0,1,2,AM,4,0.6825528387898881
ecnn0,1,2,AM,5,0.7001219016659894
ecnn0,1,2,AM,6,0.71571072319202
ecnn0,1,2,AM,7,0.722531847133758
ecnn0,1,2,AM,8,0.6770057899090157
ecnn0,1,2,AM,9,0.7253886010362695
ecnn0,1,2,AM,10,0.6670912951167728
ecnn0,1,2,AM,11,0.7063048683160414
ecnn0,1,2,AM,12,0.6949711459192086
ecnn0,1,2,PM,1,0.6047734627831716
ecnn0,1,2,PM,2,0.6665278934221482
ecnn0,1,2,PM,3,0.6704316256555063
ecnn0,1,2,PM,4,0.6779661016949152
ecnn0,1,2,PM,5,0.6277551020408163
ecnn0,1,2,PM,6,0.6244725738396625
ecnn0,1,2,PM,7,0.6442348906986712
ecnn0,1,2,PM,8,0.707357172215372
ecnn0,1,2,PM,9,0.6678787878787878
ecnn0,1,2,PM,10,0.7108829568788501
ecnn0,1,2,PM,11,0.6960823110407598
ecnn0,1,2,PM,12,0.7528925619834711
ecnn0,1,3,AM,1,0.6632316570486397
ecnn0,1,3,AM,2,0.5954807266282676
ecnn0,1,3,AM,3,0.6669294442254632
ecnn0,1,3,AM,4,0.5857885615251299
ecnn0,1,3,AM,5,0.7242497972424979
ecnn0,1,3,AM,6,0.6265769554247267
ecnn0,1,3,AM,7,0.6863468634686347
ecnn0,1,3,AM,8,0.6610824742268041
ecnn0,1,3,AM,9,0.6990049751243781
ecnn0,1,3,AM,10,0.7003140421713773
ecnn0,1,3,AM,11,0.6937119675456389
ecnn0,1,3,AM,12,0.6887931034482758
ecnn0,1,3,PM,1,0.472734899328859
ecnn0,1,3,PM,2,0.506872852233677
ecnn0,1,3,PM,3,0.5426195426195426
ecnn0,1,3,PM,4,0.5283824157063594
ecnn0,1,3,PM,5,0.4810281517747858
ecnn0,1,3,PM,6,0.5434317501069748
ecnn0,1,3,PM,7,0.4803921568627451
ecnn0,1,3,PM,8,0.5788146279949559
ecnn0,1,3,PM,9,0.5172117039586919
ecnn0,1,3,PM,10,0.5224454895254382
ecnn0,1,3,PM,11,0.4603434178250204
ecnn0,1,3,PM,12,0.4736842105263158
ecnn0,1,4,AM,1,0.6959737058340181
ecnn0,1,4,AM,2,0.6536912751677852
ecnn0,1,4,AM,3,0.6298755186721992
ecnn0,1,4,AM,4,0.6571184266780675
ecnn0,1,4,AM,5,0.7282174260591526
ecnn0,1,4,AM,6,0.7271164589600344
ecnn0,1,4,AM,7,0.7260726072607261
ecnn0,1,4,AM,8,0.6670945656824989
ecnn0,1,4,AM,9,0.7308160779537151
ecnn0,1,4,AM,10,0.7121019108280254
ecnn0,1,4,AM,11,0.6501457725947521
ecnn0,1,4,AM,12,0.6475272422464375
ecnn0,1,4,PM,1,0.7383292383292384
ecnn0,1,4,PM,2,0.6953586497890295
ecnn0,1,4,PM,3,0.7082251082251082
ecnn0,1,4,PM,4,0.6979726934215971
ecnn0,1,4,PM,5,0.7127094401307724
ecnn0,1,4,PM,6,0.6494719740048741
ecnn0,1,4,PM,7,0.7038854805725971
ecnn0,1,4,PM,8,0.6911643270024773
ecnn0,1,4,PM,9,0.711593609176567
ecnn0,1,4,PM,10,0.6693790149892933
ecnn0,1,4,PM,11,0.6623807548734965
ecnn0,1,4,PM,12,0.6883996613039797
ecnn0,1,5,AM,1,0.6220637583892618
ecnn0,1,5,AM,2,0.5569296375266525
ecnn0,1,5,AM,3,0.6597692001591723
ecnn0,1,5,AM,4,0.6383890317052271
ecnn0,1,5,AM,5,0.6474384832593788
ecnn0,1,5,AM,6,0.5956447480785654
ecnn0,1,5,AM,7,0.5576311605723371
ecnn0,1,5,AM,8,0.52
ecnn0,1,5,AM,9,0.6404123711340206
ecnn0,1,5,AM,10,0.6165540540540541
ecnn0,1,5,AM,11,0.6618299072954453
ecnn0,1,5,AM,12,0.6170651277823578
ecnn0,1,5,PM,1,0.6196682464454977
ecnn0,1,5,PM,2,0.5967673330497659
ecnn0,1,5,PM,3,0.6540016168148747
ecnn0,1,5,PM,4,0.6609315988250105
ecnn0,1,5,PM,5,0.6630007855459544
ecnn0,1,5,PM,6,0.7085053674649051
ecnn0,1,5,PM,7,0.6399679615538646
ecnn0,1,5,PM,8,0.6593360995850622
ecnn0,1,5,PM,9,0.6324752475247525
ecnn0,1,5,PM,10,0.6287940935192781
ecnn0,1,5,PM,11,0.662505034232783
ecnn0,1,5,PM,12,0.6416135881104034
ecnn1,1,1,AM,1,0.904313725490196
ecnn1,1,1,AM,2,0.9104976997072356
ecnn1,1,1,AM,3,0.7440191387559809
ecnn1,1,1,AM,4,0.9089775561097256
ecnn1,1,1,AM,5,0.9166998804304504
ecnn1,1,1,AM,6,0.9198473282442748
ecnn1,1,1,AM,7,0.9231398201144726
ecnn1,1,1,AM,8,0.9412262156448205
ecnn1,1,1,AM,9,0.7858312858312858
ecnn1,1,1,AM,10,0.8897058823529411
ecnn1,1,1,AM,11,0.9144921718185468
ecnn1,1,1,AM,12,0.9249687369737388
ecnn1,1,1,PM,1,0.9059192473539788
ecnn1,1,1,PM,2,0.9184441656210792
ecnn1,1,1,PM,3,0.770703125
ecnn1,1,1,PM,4,0.8988021478727798
ecnn1,1,1,PM,5,0.8756476683937824
ecnn1,1,1,PM,6,0.9183757178014766
ecnn1,1,1,PM,7,0.8827283605903471
ecnn1,1,1,PM,8,0.9389632107023412
ecnn1,1,1,PM,9,0.7337584695097649
ecnn1,1,1,PM,10,0.9106122448979592
ecnn1,1,1,PM,11,0.9153969526864476
ecnn1,1,1,PM,12,0.9175824175824177
ecnn1,1,2,AM,1,0.6857490864799025
ecnn1,1,2,AM,2,0.6922755741127349
ecnn1,1,2,AM,3,0.7466774063632703
ecnn1,1,2,AM,4,0.641110650642354
ecnn1,1,2,AM,5,0.7045916294189354
ecnn1,1,2,AM,6,0.6783042394014963
ecnn1,1,2,AM,7,0.7352707006369427
ecnn1,1,2,AM,8,0.7026468155500414
ecnn1,1,2,AM,9,0.7210043842168194
ecnn1,1,2,AM,10,0.6679405520169851
ecnn1,1,2,AM,11,0.7011173184357542
ecnn1,1,2,AM,12,0.6504534212695795
ecnn1,1,2,PM,1,0.5825242718446602
ecnn1,1,2,PM,2,0.6303080766028311
ecnn1,1,2,PM,3,0.6107301331181928
ecnn1,1,2,PM,4,0.649028524183547
ecnn1,1,2,PM,5,0.5938775510204082
ecnn1,1,2,PM,6,0.60084388185654
ecnn1,1,2,PM,7,0.6348049721388771
ecnn1,1,2,PM,8,0.6831072749691739
ecnn1,1,2,PM,9,0.6432323232323233
ecnn1,1,2,PM,10,0.6644763860369611
ecnn1,1,2,PM,11,0.664424218440839
ecnn1,1,2,PM,12,0.7057851239669422
ecnn1,1,3,AM,1,0.6488046166529267
ecnn1,1,3,AM,2,0.5928223305272485
ecnn1,1,3,AM,3,0.6420969649191959
ecnn1,1,3,AM,4,0.5957538994800693
ecnn1,1,3,AM,5,0.6954582319545823
ecnn1,1,3,AM,6,0.6433978132884777
ecnn1,1,3,AM,7,0.6560065600656007
ecnn1,1,3,AM,8,0.6817010309278351
ecnn1,1,3,AM,9,0.7068822553897179
ecnn1,1,3,AM,10,0.7258860475549573
ecnn1,1,3,AM,11,0.6831643002028398
ecnn1,1,3,AM,12,0.7107758620689655
ecnn1,1,3,PM,1,0.4903523489932886
ecnn1,1,3,PM,2,0.5266323024054983
ecnn1,1,3,PM,3,0.5667359667359667
ecnn1,1,3,PM,4,0.5138711054204012
ecnn1,1,3,PM,5,0.4814361485108119
ecnn1,1,3,PM,6,0.5528455284552846
ecnn1,1,3,PM,7,0.5069444444444444
ecnn1,1,3,PM,8,0.6162253047498949
ecnn1,1,3,PM,9,0.5172117039586919
ecnn1,1,3,PM,10,0.5275758871312527
ecnn1,1,3,PM,11,0.4824202780049059
ecnn1,1,3,PM,12,0.5150992234685073
ecnn1,1,4,AM,1,0.6750205423171733
ecnn1,1,4,AM,2,0.6532438478747203
ecnn1,1,4,AM,3,0.5917012448132779
ecnn1,1,4,AM,4,0.6336041043180847
ecnn1,1,4,AM,5,0.7090327737809752
ecnn1,1,4,AM,6,0.6884400515685432
ecnn1,1,4,AM,7,0.7165841584158416
ecnn1,1,4,AM,8,0.6401369276850664
ecnn1,1,4,AM,9,0.6995533901745838
ecnn1,1,4,AM,10,0.6666666666666666
ecnn1,1,4,AM,11,0.6551436901291129
ecnn1,1,4,AM,12,0.6051969823973177
ecnn1,1,4,PM,1,0.7698607698607699
ecnn1,1,4,PM,2,0.7168776371308017
ecnn1,1,4,PM,3,0.7281385281385281
ecnn1,1,4,PM,4,0.6818369880016549
ecnn1,1,4,PM,5,0.7237433592153657
ecnn1,1,4,PM,6,0.6803411860276198
ecnn1,1,4,PM,7,0.7251533742331289
ecnn1,1,4,PM,8,0.6882741535920727
ecnn1,1,4,PM,9,0.7357640311347808
ecnn1,1,4,PM,10,0.6629550321199144
ecnn1,1,4,PM,11,0.6540854417254252
ecnn1,1,4,PM,12,0.6536833192209992
ecnn1,1,5,AM,1,0.602768456375839
ecnn1,1,5,AM,2,0.5628997867803838
ecnn1,1,5,AM,3,0.634699562276164
ecnn1,1,5,AM,4,0.6495287060839761
ecnn1,1,5,AM,5,0.5897539330375151
ecnn1,1,5,AM,6,0.6135781383432963
ecnn1,1,5,AM,7,0.5425278219395866
ecnn1,1,5,AM,8,0.5304166666666666
ecnn1,1,5,AM,9,0.6247422680412371
ecnn1,1,5,AM,10,0.5933277027027027
ecnn1,1,5,AM,11,0.6505441354292624
ecnn1,1,5,AM,12,0.6323165704863973
ecnn1,1,5,PM,1,0.6090047393364929
ecnn1,1,5,PM,2,0.5980433857932794
ecnn1,1,5,PM,3,0.6467259498787389
ecnn1,1,5,PM,4,0.6433067561896769
ecnn1,1,5,PM,5,0.6256873527101335
ecnn1,1,5,PM,6,0.6796036333608588
ecnn1,1,5,PM,7,0.5959150981177412
ecnn1,1,5,PM,8,0.6535269709543569
ecnn1,1,5,PM,9,0.6300990099009901
ecnn1,1,5,PM,10,0.6390484003281378
ecnn1,1,5,PM,11,0.6556584776480064
ecnn1,1,5,PM,12,0.6501061571125265
ecnn2,1,1,AM,1,0.696078431372549
ecnn2,1,1,AM,2,0.5968214136344626
ecnn2,1,1,AM,3,0.5303030303030303
ecnn2,1,1,AM,4,0.556525353283458
ecnn2,1,1,AM,5,0.5862893583100837
ecnn2,1,1,AM,6,0.5712468193384224
ecnn2,1,1,AM,7,0.6962387571545381
ecnn2,1,1,AM,8,0.6422832980972516
ecnn2,1,1,AM,9,0.6109746109746109
ecnn2,1,1,AM,10,0.6209150326797386
ecnn2,1,1,AM,11,0.6322761942994781
ecnn2,1,1,AM,12,0.5981659024593581
ecnn2,1,1,PM,1,0.6381811054488435
ecnn2,1,1,PM,2,0.6231702216645755
ecnn2,1,1,PM,3,0.607421875
ecnn2,1,1,PM,4,0.5844692275919041
ecnn2,1,1,PM,5,0.6345157433240335
ecnn2,1,1,PM,6,0.6119770303527482
ecnn2,1,1,PM,7,0.6673314718787395
ecnn2,1,1,PM,8,0.6158026755852842
ecnn2,1,1,PM,9,0.5727381426863292
ecnn2,1,1,PM,10,0.5746938775510204
ecnn2,1,1,PM,11,0.6856455493183641
ecnn2,1,1,PM,12,0.6166525781910397
ecnn2,1,2,AM,1,0.5509541209906618
ecnn2,1,2,AM,2,0.4634655532359082
ecnn2,1,2,AM,3,0.5296012887635925
ecnn2,1,2,AM,4,0.4359718193120597
ecnn2,1,2,AM,5,0.5249898415278342
ecnn2,1,2,AM,6,0.4538653366583541
ecnn2,1,2,AM,7,0.5386146496815286
ecnn2,1,2,AM,8,0.5045492142266336
ecnn2,1,2,AM,9,0.5910721402949383
ecnn2,1,2,AM,10,0.473036093418259
ecnn2,1,2,AM,11,0.577414205905826
ecnn2,1,2,AM,12,0.4443528441879637
ecnn2,1,2,PM,1,0.5351941747572816
ecnn2,1,2,PM,2,0.4983347210657785
ecnn2,1,2,PM,3,0.5018152480839048
ecnn2,1,2,PM,4,0.4770566349731294
ecnn2,1,2,PM,5,0.5285714285714286
ecnn2,1,2,PM,6,0.5248945147679325
ecnn2,1,2,PM,7,0.4856408058294042
ecnn2,1,2,PM,8,0.4899301274147144
ecnn2,1,2,PM,9,0.5442424242424242
ecnn2,1,2,PM,10,0.5367556468172484
ecnn2,1,2,PM,11,0.5670755836960824
ecnn2,1,2,PM,12,0.5322314049586777
ecnn2,1,3,AM,1,0.5333882934872217
ecnn2,1,3,AM,2,0.4288879042977404
ecnn2,1,3,AM,3,0.5171462357114702
ecnn2,1,3,AM,4,0.4536395147313692
ecnn2,1,3,AM,5,0.5373073803730738
ecnn2,1,3,AM,6,0.5071488645920942
ecnn2,1,3,AM,7,0.4756047560475605
ecnn2,1,3,AM,8,0.44716494845360827
ecnn2,1,3,AM,9,0.5398009950248757
ecnn2,1,3,AM,10,0.4925975773889637
ecnn2,1,3,AM,11,0.5367139959432049
ecnn2,1,3,AM,12,0.5120689655172413
ecnn2,1,3,PM,1,0.4072986577181208
ecnn2,1,3,PM,2,0.4140893470790378
ecnn2,1,3,PM,3,0.4328482328482329
ecnn2,1,3,PM,4,0.3696116090482288
ecnn2,1,3,PM,5,0.40922072623419015
ecnn2,1,3,PM,6,0.3804022250748823
ecnn2,1,3,PM,7,0.40727124183006536
ecnn2,1,3,PM,8,0.4329550231189576
ecnn2,1,3,PM,9,0.3941480206540448
ecnn2,1,3,PM,10,0.3924754168448055
ecnn2,1,3,PM,11,0.3789860997547016
ecnn2,1,3,PM,12,0.4188955996548749
ecnn2,1,4,AM,1,0.5493015612161052
ecnn2,1,4,AM,2,0.5686800894854586
ecnn2,1,4,AM,3,0.4946058091286307
ecnn2,1,4,AM,4,0.5036340316374519
ecnn2,1,4,AM,5,0.5907274180655475
ecnn2,1,4,AM,6,0.5504941985388913
ecnn2,1,4,AM,7,0.5676567656765676
ecnn2,1,4,AM,8,0.5160462130937099
ecnn2,1,4,AM,9,0.5972391392610638
ecnn2,1,4,AM,10,0.5333333333333333
ecnn2,1,4,AM,11,0.521865889212828
ecnn2,1,4,AM,12,0.5234702430846605
ecnn2,1,4,PM,1,0.5204750204750205
ecnn2,1,4,PM,2,0.4409282700421941
ecnn2,1,4,PM,3,0.4692640692640693
ecnn2,1,4,PM,4,0.4240794373189905
ecnn2,1,4,PM,5,0.4940743767879036
ecnn2,1,4,PM,6,0.4130787977254265
ecnn2,1,4,PM,7,0.4793456032719837
ecnn2,1,4,PM,8,0.4331131296449216
ecnn2,1,4,PM,9,0.5247849242113888
ecnn2,1,4,PM,10,0.4158458244111349
ecnn2,1,4,PM,11,0.5271671505599337
ecnn2,1,4,PM,12,0.4614733276883997
ecnn2,1,5,AM,1,0.5364932885906041
ecnn2,1,5,AM,2,0.3803837953091685
ecnn2,1,5,AM,3,0.4691603660962992
ecnn2,1,5,AM,4,0.4605826906598115
ecnn2,1,5,AM,5,0.518354175070593
ecnn2,1,5,AM,6,0.3454312553373185
ecnn2,1,5,AM,7,0.4407790143084261
ecnn2,1,5,AM,8,0.305
ecnn2,1,5,AM,9,0.4721649484536082
ecnn2,1,5,AM,10,0.4163851351351352
ecnn2,1,5,AM,11,0.467956469165659
ecnn2,1,5,AM,12,0.3173948887056884
ecnn2,1,5,PM,1,0.5086887835703001
ecnn2,1,5,PM,2,0.3730327520204169
ecnn2,1,5,PM,3,0.5052546483427648
ecnn2,1,5,PM,4,0.4720939991607218
ecnn2,1,5,PM,5,0.4988216810683425
ecnn2,1,5,PM,6,0.4405450041288192
ecnn2,1,5,PM,7,0.4833800560672808
ecnn2,1,5,PM,8,0.41244813278008297
ecnn2,1,5,PM,9,0.4986138613861386
ecnn2,1,5,PM,10,0.4097621000820345
ecnn2,1,5,PM,11,0.5022150624244865
ecnn2,1,5,PM,12,0.475583864118896
ecnn3,1,1,AM,1,0.9615686274509804
ecnn3,1,1,AM,2,0.9339188624006692
ecnn3,1,1,AM,3,0.6961722488038278
ecnn3,1,1,AM,4,0.92643391521197
ecnn3,1,1,AM,5,0.9517736149860502
ecnn3,1,1,AM,6,0.9406276505513148
ecnn3,1,1,AM,7,0.9533932951757972
ecnn3,1,1,AM,8,0.955602536997886
ecnn3,1,1,AM,9,0.7616707616707616
ecnn3,1,1,AM,10,0.9219771241830066
ecnn3,1,1,AM,11,0.9494179044560418
ecnn3,1,1,AM,12,0.9499791579824928
ecnn3,1,1,PM,1,0.9698157585260682
ecnn3,1,1,PM,2,0.9661229611041404
ecnn3,1,1,PM,3,0.740234375
ecnn3,1,1,PM,4,0.9533250722841801
ecnn3,1,1,PM,5,0.9525707453168591
ecnn3,1,1,PM,6,0.9671862182116489
ecnn3,1,1,PM,7,0.9393697646589548
ecnn3,1,1,PM,8,0.9389632107023412
ecnn3,1,1,PM,9,0.7150259067357513
ecnn3,1,1,PM,10,0.9432653061224492
ecnn3,1,1,PM,11,0.967121090617482
ecnn3,1,1,PM,12,0.9437869822485208
ecnn3,1,2,AM,1,0.6837190418189201
ecnn3,1,2,AM,2,0.619624217118998
ecnn3,1,2,AM,3,0.6814337494965768
ecnn3,1,2,AM,4,0.5826771653543307
ecnn3,1,2,AM,5,0.6184477854530679
ecnn3,1,2,AM,6,0.6093100581878637
ecnn3,1,2,AM,7,0.6839171974522293
ecnn3,1,2,AM,8,0.6236559139784946
ecnn3,1,2,AM,9,0.689916301315265
ecnn3,1,2,AM,10,0.6250530785562632
ecnn3,1,2,AM,11,0.7027134876296888
ecnn3,1,2,AM,12,0.6104699093157461
ecnn3,1,2,PM,1,0.6262135922330098
ecnn3,1,2,PM,2,0.6144879267277269
ecnn3,1,2,PM,3,0.6482452601855587
ecnn3,1,2,PM,4,0.6081025217031831
ecnn3,1,2,PM,5,0.636734693877551
ecnn3,1,2,PM,6,0.6244725738396625
ecnn3,1,2,PM,7,0.642091727389627
ecnn3,1,2,PM,8,0.6346074804767776
ecnn3,1,2,PM,9,0.665050505050505
ecnn3,1,2,PM,10,0.6899383983572895
ecnn3,1,2,PM,11,0.7269489513256826
ecnn3,1,2,PM,12,0.721900826446281
ecnn3,1,3,AM,1,0.6471558120362737
ecnn3,1,3,AM,2,0.5396544085068675
ecnn3,1,3,AM,3,0.6255419787150177
ecnn3,1,3,AM,4,0.5021663778162911
ecnn3,1,3,AM,5,0.6711273317112734
ecnn3,1,3,AM,6,0.6173254835996635
ecnn3,1,3,AM,7,0.6363263632636327
ecnn3,1,3,AM,8,0.5983676975945017
ecnn3,1,3,AM,9,0.6674958540630183
ecnn3,1,3,AM,10,0.6460296096904441
ecnn3,1,3,AM,11,0.6734279918864098
ecnn3,1,3,AM,12,0.7017241379310345
ecnn3,1,3,PM,1,0.5574664429530202
ecnn3,1,3,PM,2,0.572594501718213
ecnn3,1,3,PM,3,0.5613305613305614
ecnn3,1,3,PM,4,0.5616730687153222
ecnn3,1,3,PM,5,0.5083639330885353
ecnn3,1,3,PM,6,0.5934959349593496
ecnn3,1,3,PM,7,0.5334967320261438
ecnn3,1,3,PM,8,0.5809163514081547
ecnn3,1,3,PM,9,0.5275387263339071
ecnn3,1,3,PM,10,0.563061137238136
ecnn3,1,3,PM,11,0.5474243663123467
ecnn3,1,3,PM,12,0.5526315789473685
ecnn3,1,4,AM,1,0.6803615447822514
ecnn3,1,4,AM,2,0.640268456375839
ecnn3,1,4,AM,3,0.6149377593360996
ecnn3,1,4,AM,4,0.6220607097050022
ecnn3,1,4,AM,5,0.706634692246203
ecnn3,1,4,AM,6,0.6794155565105285
ecnn3,1,4,AM,7,0.6976072607260726
ecnn3,1,4,AM,8,0.6508344030808729
ecnn3,1,4,AM,9,0.7283800243605358
ecnn3,1,4,AM,10,0.6874734607218683
ecnn3,1,4,AM,11,0.6501457725947521
ecnn3,1,4,AM,12,0.6244761106454317
ecnn3,1,4,PM,1,0.6871416871416871
ecnn3,1,4,PM,2,0.6535864978902953
ecnn3,1,4,PM,3,0.6597402597402597
ecnn3,1,4,PM,4,0.6404633843607779
ecnn3,1,4,PM,5,0.6787903555373928
ecnn3,1,4,PM,6,0.5576766856214461
ecnn3,1,4,PM,7,0.6605316973415133
ecnn3,1,4,PM,8,0.6407927332782825
ecnn3,1,4,PM,9,0.6640721015977059
ecnn3,1,4,PM,10,0.5597430406852248
ecnn3,1,4,PM,11,0.6656988801327249
ecnn3,1,4,PM,12,0.6079593564775614
ecnn3,1,5,AM,1,0.6103187919463087
ecnn3,1,5,AM,2,0.5181236673773987
ecnn3,1,5,AM,3,0.6167926780740152
ecnn3,1,5,AM,4,0.565981148243359
ecnn3,1,5,AM,5,0.6603469140782574
ecnn3,1,5,AM,6,0.5204953031596926
ecnn3,1,5,AM,7,0.5631955484896661
ecnn3,1,5,AM,8,0.4591666666666666
ecnn3,1,5,AM,9,0.6189690721649485
ecnn3,1,5,AM,10,0.5481418918918919
ecnn3,1,5,AM,11,0.6017734784361145
ecnn3,1,5,AM,12,0.5218466611706513
ecnn3,1,5,PM,1,0.5916271721958926
ecnn3,1,5,PM,2,0.5299872394725649
ecnn3,1,5,PM,3,0.5970088924818109
ecnn3,1,5,PM,4,0.5895929500629459
ecnn3,1,5,PM,5,0.617439120188531
ecnn3,1,5,PM,6,0.615606936416185
ecnn3,1,5,PM,7,0.5963155786944333
ecnn3,1,5,PM,8,0.58298755186722
ecnn3,1,5,PM,9,0.5786138613861386
ecnn3,1,5,PM,10,0.5471698113207547
ecnn3,1,5,PM,11,0.6093435360451067
ecnn3,1,5,PM,12,0.5796178343949044
etcn0,1,1,AM,1,0.8223529411764706
etcn0,1,1,AM,2,0.8193224592220828
etcn0,1,1,AM,3,0.6778309409888357
etcn0,1,1,AM,4,0.8403990024937655
etcn0,1,1,AM,5,0.8369868473495417
etcn0,1,1,AM,6,0.8278201865988125
etcn0,1,1,AM,7,0.8082583810302535
etcn0,1,1,AM,8,0.8325581395348837
etcn0,1,1,AM,9,0.7002457002457002
etcn0,1,1,AM,10,0.8406862745098039
etcn0,1,1,AM,11,0.8466479325572059
etcn0,1,1,AM,12,0.8553563984993747
etcn0,1,1,PM,1,0.8722069776558212
etcn0,1,1,PM,2,0.8439983270598076
etcn0,1,1,PM,3,0.6875
etcn0,1,1,PM,4,0.8413878562577447
etcn0,1,1,PM,5,0.8441610203268234
etcn0,1,1,PM,6,0.8392124692370796
etcn0,1,1,PM,7,0.8595931392102114
etcn0,1,1,PM,8,0.8599498327759197
etcn0,1,1,PM,9,0.6632124352331606
etcn0,1,1,PM,10,0.8318367346938775
etcn0,1,1,PM,11,0.8753007217321572
etcn0,1,1,PM,12,0.8415046491969569
etcn0,1,2,AM,1,0.657328461226147
etcn0,1,2,AM,2,0.6371607515657621
etcn0,1,2,AM,3,0.7015706806282722
etcn0,1,2,AM,4,0.6406962287608786
etcn0,1,2,AM,5,0.670865501828525
etcn0,1,2,AM,6,0.6496259351620948
etcn0,1,2,AM,7,0.6464968152866242
etcn0,1,2,AM,8,0.6563275434243176
etcn0,1,2,AM,9,0.6851335193304106
etcn0,1,2,AM,10,0.5868365180467091
etcn0,1,2,AM,11,0.6867517956903432
etcn0,1,2,AM,12,0.5758450123660346
etcn0,1,2,PM,1,0.5711974110032363
etcn0,1,2,PM,2,0.5795170691090757
etcn0,1,2,PM,3,0.6296893908834207
etcn0,1,2,PM,4,0.621331128565523
etcn0,1,2,PM,5,0.6240816326530613
etcn0,1,2,PM,6,0.5443037974683544
etcn0,1,2,PM,7,0.6305186455207887
etcn0,1,2,PM,8,0.6062474311549527
etcn0,1,2,PM,9,0.6428282828282829
etcn0,1,2,PM,10,0.6151950718685831
etcn0,1,2,PM,11,0.6683814800158291
etcn0,1,2,PM,12,0.6723140495867769
etcn0,1,3,AM,1,0.6170651277823578
etcn0,1,3,AM,2,0.5414266725742135
etcn0,1,3,AM,3,0.6148994875837603
etcn0,1,3,AM,4,0.5398613518197574
etcn0,1,3,AM,5,0.7112733171127331
etcn0,1,3,AM,6,0.5761143818334735
etcn0,1,3,AM,7,0.6252562525625256
etcn0,1,3,AM,8,0.6073883161512027
etcn0,1,3,AM,9,0.6513266998341625
etcn0,1,3,AM,10,0.6563481381785554
etcn0,1,3,AM,11,0.6657200811359026
etcn0,1,3,AM,12,0.6409482758620689
etcn0,1,3,PM,1,0.3615771812080537
etcn0,1,3,PM,2,0.4145189003436425
etcn0,1,3,PM,3,0.4008316008316009
etcn0,1,3,PM,4,0.38412291933418696
etcn0,1,3,PM,5,0.35414116687066505
etcn0,1,3,PM,6,0.4167736414206247
etcn0,1,3,PM,7,0.3819444444444444
etcn0,1,3,PM,8,0.469525010508617
etcn0,1,3,PM,9,0.3808089500860585
etcn0,1,3,PM,10,0.41000427533133815
etcn0,1,3,PM,11,0.3679476696647588
etcn0,1,3,PM,12,0.4253666954270923
etcn0,1,4,AM,1,0.6388660640920296
etcn0,1,4,AM,2,0.6259507829977629
etcn0,1,4,AM,3,0.6323651452282157
etcn0,1,4,AM,4,0.669089354424968
etcn0,1,4,AM,5,0.7142286171063149
etcn0,1,4,AM,6,0.6420283626987537
etcn0,1,4,AM,7,0.7363861386138614
etcn0,1,4,AM,8,0.6397090286692341
etcn0,1,4,AM,9,0.6975233455136013
etcn0,1,4,AM,10,0.6356687898089172
etcn0,1,4,AM,11,0.6618075801749271
etcn0,1,4,AM,12,0.5393964794635373
etcn0,1,4,PM,1,0.6744471744471745
etcn0,1,4,PM,2,0.6025316455696202
etcn0,1,4,PM,3,0.6727272727272727
etcn0,1,4,PM,4,0.6135705419942077
etcn0,1,4,PM,5,0.6763383735185942
etcn0,1,4,PM,6,0.5962632006498781
etcn0,1,4,PM,7,0.6809815950920245
etcn0,1,4,PM,8,0.6424442609413707
etcn0,1,4,PM,9,0.7021712412945514
etcn0,1,4,PM,10,0.6077087794432549
etcn0,1,4,PM,11,0.6532559104106179
etcn0,1,4,PM,12,0.5647756138865369
etcn0,1,5,AM,1,0.5394295302013423
etcn0,1,5,AM,2,0.4635394456289978
etcn0,1,5,AM,3,0.5662554715479506
etcn0,1,5,AM,4,0.4952870608397601
etcn0,1,5,AM,5,0.5437676482452601
etcn0,1,5,AM,6,0.4654141759180188
etcn0,1,5,AM,7,0.5290143084260731
etcn0,1,5,AM,8,0.4295833333333333
etcn0,1,5,AM,9,0.5649484536082474
etcn0,1,5,AM,10,0.4653716216216216
etcn0,1,5,AM,11,0.5429262394195888
etcn0,1,5,AM,12,0.4826875515251442
etcn0,1,5,PM,1,0.5730647709320695
etcn0,1,5,PM,2,0.5036154827732879
etcn0,1,5,PM,3,0.6325788197251415
etcn0,1,5,PM,4,0.5442719261435166
etcn0,1,5,PM,5,0.5628436763550668
etcn0,1,5,PM,6,0.5718414533443436
etcn0,1,5,PM,7,0.6175410492591109
etcn0,1,5,PM,8,0.5630705394190871
etcn0,1,5,PM,9,0.6015841584158416
etcn0,1,5,PM,10,0.5365053322395406
etcn0,1,5,PM,11,0.6621022956101489
etcn0,1,5,PM,12,0.5184713375796178
etcn1,1,1,AM,1,0.8058823529411765
etcn1,1,1,AM,2,0.7611877875365956
etcn1,1,1,AM,3,0.7882775119617225
etcn1,1,1,AM,4,0.7905236907730673
etcn1,1,1,AM,5,0.7895575926664009
etcn1,1,1,AM,6,0.6475826972010178
etcn1,1,1,AM,7,0.7910874897792314
etcn1,1,1,AM,8,0.7699788583509514
etcn1,1,1,AM,9,0.8194103194103194
etcn1,1,1,AM,10,0.7941176470588235
etcn1,1,1,AM,11,0.8069048574869531
etcn1,1,1,AM,12,0.6690287619841601
etcn1,1,1,PM,1,0.8110544884359074
etcn1,1,1,PM,2,0.7406942701798409
etcn1,1,1,PM,3,0.812109375
etcn1,1,1,PM,4,0.7401900041305246
etcn1,1,1,PM,5,0.7855719410123555
etcn1,1,1,PM,6,0.6300246103363413
etcn1,1,1,PM,7,0.8053450339050658
etcn1,1,1,PM,8,0.7955685618729097
etcn1,1,1,PM,9,0.7887604623355918
etcn1,1,1,PM,10,0.7779591836734694
etcn1,1,1,PM,11,0.8143544506816359
etcn1,1,1,PM,12,0.6530008453085376
etcn1,1,2,AM,1,0.6865611043442956
etcn1,1,2,AM,2,0.6375782881002088
etcn1,1,2,AM,3,0.6939186467982279
etcn1,1,2,AM,4,0.6187318690426854
etcn1,1,2,AM,5,0.6741162129215766
etcn1,1,2,AM,6,0.6417290108063175
etcn1,1,2,AM,7,0.6930732484076433
etcn1,1,2,AM,8,0.6451612903225806
etcn1,1,2,AM,9,0.6863292148266241
etcn1,1,2,AM,10,0.5881104033970276
etcn1,1,2,AM,11,0.7027134876296888
etcn1,1,2,AM,12,0.56760098928277
etcn1,1,2,PM,1,0.5942556634304207
etcn1,1,2,PM,2,0.5308076602830974
etcn1,1,2,PM,3,0.5711980637353772
etcn1,1,2,PM,4,0.6126498553121125
etcn1,1,2,PM,5,0.6306122448979592
etcn1,1,2,PM,6,0.5472573839662447
etcn1,1,2,PM,7,0.6189455636519503
etcn1,1,2,PM,8,0.6189889025893958
etcn1,1,2,PM,9,0.6387878787878788
etcn1,1,2,PM,10,0.6106776180698152
etcn1,1,2,PM,11,0.6865848832607835
etcn1,1,2,PM,12,0.6677685950413224
etcn1,1,3,AM,1,0.6562242374278648
etcn1,1,3,AM,2,0.5516171909614532
etcn1,1,3,AM,3,0.6677177769018526
etcn1,1,3,AM,4,0.5740901213171578
etcn1,1,3,AM,5,0.7206001622060016
etcn1,1,3,AM,6,0.607232968881413
etcn1,1,3,AM,7,0.6625666256662567
etcn1,1,3,AM,8,0.6262886597938144
etcn1,1,3,AM,9,0.6981757877280266
etcn1,1,3,AM,10,0.6639748766262898
etcn1,1,3,AM,11,0.6981744421906694
etcn1,1,3,AM,12,0.6409482758620689
etcn1,1,3,PM,1,0.3963926174496644
etcn1,1,3,PM,2,0.4102233676975945
etcn1,1,3,PM,3,0.4340956340956341
etcn1,1,3,PM,4,0.43491250533504056
etcn1,1,3,PM,5,0.4002447980416157
etcn1,1,3,PM,6,0.4244758237056055
etcn1,1,3,PM,7,0.4023692810457517
etcn1,1,3,PM,8,0.4686843211433375
etcn1,1,3,PM,9,0.4367469879518072
etcn1,1,3,PM,10,0.3869174861051731
etcn1,1,3,PM,11,0.4100572363041701
etcn1,1,3,PM,12,0.41932700603968937
etcn1,1,4,AM,1,0.6713229252259655
etcn1,1,4,AM,2,0.6170022371364653
etcn1,1,4,AM,3,0.6012448132780083
etcn1,1,4,AM,4,0.6669516887558786
etcn1,1,4,AM,5,0.7306155075939249
etcn1,1,4,AM,6,0.6239793725827245
etcn1,1,4,AM,7,0.7252475247524752
etcn1,1,4,AM,8,0.6166024818142918
etcn1,1,4,AM,9,0.7056435241575315
etcn1,1,4,AM,10,0.6560509554140127
etcn1,1,4,AM,11,0.6647230320699709
etcn1,1,4,AM,12,0.5347862531433362
etcn1,1,4,PM,1,0.7239967239967242
etcn1,1,4,PM,2,0.6232067510548523
etcn1,1,4,PM,3,0.6766233766233766
etcn1,1,4,PM,4,0.6520479933802235
etcn1,1,4,PM,5,0.6812423375561912
etcn1,1,4,PM,6,0.5735174654752234
etcn1,1,4,PM,7,0.7071574642126789
etcn1,1,4,PM,8,0.6222130470685384
etcn1,1,4,PM,9,0.7083162638263008
etcn1,1,4,PM,10,0.6077087794432549
etcn1,1,4,PM,11,0.659062629614268
etcn1,1,4,PM,12,0.5872142252328535
etcn1,1,5,AM,1,0.5796979865771812
etcn1,1,5,AM,2,0.5002132196162047
etcn1,1,5,AM,3,0.6016713091922006
etcn1,1,5,AM,4,0.5188517566409597
etcn1,1,5,AM,5,0.6050826946349335
etcn1,1,5,AM,6,0.5
etcn1,1,5,AM,7,0.5631955484896661
etcn1,1,5,AM,8,0.46375
etcn1,1,5,AM,9,0.6296907216494846
etcn1,1,5,AM,10,0.4983108108108108
etcn1,1,5,AM,11,0.5598548972188634
etcn1,1,5,AM,12,0.5144270403957131
etcn1,1,5,PM,1,0.5387045813586098
etcn1,1,5,PM,2,0.490854955338154
etcn1,1,5,PM,3,0.6030719482619239
etcn1,1,5,PM,4,0.5530843474611834
etcn1,1,5,PM,5,0.5856245090337785
etcn1,1,5,PM,6,0.5978530140379852
etcn1,1,5,PM,7,0.6019223067681218
etcn1,1,5,PM,8,0.5601659751037344
etcn1,1,5,PM,9,0.6051485148514851
etcn1,1,5,PM,10,0.5533223954060705
etcn1,1,5,PM,11,0.6363270237615787
etcn1,1,5,PM,12,0.5138004246284501
etcn2,1,1,AM,1,0.5556862745098039
etcn2,1,1,AM,2,0.4692597239648682
etcn2,1,1,AM,3,0.5558213716108453
etcn2,1,1,AM,4,0.529093931837074
etcn2,1,1,AM,5,0.5552012754085293
etcn2,1,1,AM,6,0.5025445292620865
etcn2,1,1,AM,7,0.5923957481602616
etcn2,1,1,AM,8,0.4917547568710359
etcn2,1,1,AM,9,0.5749385749385749
etcn2,1,1,AM,10,0.5106209150326797
etcn2,1,1,AM,11,0.5323163388197512
etcn2,1,1,AM,12,0.4539391413088787
etcn2,1,1,PM,1,0.5981967855742846
etcn2,1,1,PM,2,0.4546214972814722
etcn2,1,1,PM,3,0.6171875
etcn2,1,1,PM,4,0.4799669558033871
etcn2,1,1,PM,5,0.5815065763252292
etcn2,1,1,PM,6,0.448318293683347
etcn2,1,1,PM,7,0.5759872357399282
etcn2,1,1,PM,8,0.4795150501672241
etcn2,1,1,PM,9,0.575528098844161
etcn2,1,1,PM,10,0.5040816326530613
etcn2,1,1,PM,11,0.5870088211708101
etcn2,1,1,PM,12,0.474218089602705
etcn2,1,2,AM,1,0.5513601299228583
etcn2,1,2,AM,2,0.502713987473904
etcn2,1,2,AM,3,0.5718888441401531
etcn2,1,2,AM,4,0.4890178201409034
etcn2,1,2,AM,5,0.5843153189760261
etcn2,1,2,AM,6,0.4792186201163757
etcn2,1,2,AM,7,0.580812101910828
etcn2,1,2,AM,8,0.5115798180314309
etcn2,1,2,AM,9,0.5823037066560383
etcn2,1,2,AM,10,0.4781316348195329
etcn2,1,2,AM,11,0.5654429369513169
etcn2,1,2,AM,12,0.4534212695795548
etcn2,1,2,PM,1,0.5141585760517801
etcn2,1,2,PM,2,0.4333888426311407
etcn2,1,2,PM,3,0.5397337636143607
etcn2,1,2,PM,4,0.465068210004134
etcn2,1,2,PM,5,0.5571428571428572
etcn2,1,2,PM,6,0.4535864978902954
etcn2,1,2,PM,7,0.5405057865409344
etcn2,1,2,PM,8,0.4858199753390876
etcn2,1,2,PM,9,0.5583838383838384
etcn2,1,2,PM,10,0.4665297741273101
etcn2,1,2,PM,11,0.5678670360110804
etcn2,1,2,PM,12,0.5173553719008265
etcn2,1,3,AM,1,0.4509480626545754
etcn2,1,3,AM,2,0.4417368187859991
etcn2,1,3,AM,3,0.5411903823413481
etcn2,1,3,AM,4,0.4584055459272097
etcn2,1,3,AM,5,0.6078669910786699
etcn2,1,3,AM,6,0.5
etcn2,1,3,AM,7,0.4940549405494055
etcn2,1,3,AM,8,0.5124570446735395
etcn2,1,3,AM,9,0.5986733001658375
etcn2,1,3,AM,10,0.5307312696276357
etcn2,1,3,AM,11,0.5801217038539553
etcn2,1,3,AM,12,0.5387931034482759
etcn2,1,3,PM,1,0.3636744966442953
etcn2,1,3,PM,2,0.4042096219931272
etcn2,1,3,PM,3,0.4340956340956341
etcn2,1,3,PM,4,0.4067434912505335
etcn2,1,3,PM,5,0.3945328437372501
etcn2,1,3,PM,6,0.4351732991014121
etcn2,1,3,PM,7,0.4285130718954248
etcn2,1,3,PM,8,0.4287515762925599
etcn2,1,3,PM,9,0.4203958691910499
etcn2,1,3,PM,10,0.4018811457887986
etcn2,1,3,PM,11,0.3887980376124285
etcn2,1,3,PM,12,0.4339948231233822
etcn2,1,4,AM,1,0.4778142974527527
etcn2,1,4,AM,2,0.4702460850111857
etcn2,1,4,AM,3,0.5128630705394189
etcn2,1,4,AM,4,0.4741342454040188
etcn2,1,4,AM,5,0.5567545963229417
etcn2,1,4,AM,6,0.4688440051568543
etcn2,1,4,AM,7,0.5655940594059405
etcn2,1,4,AM,8,0.4180573384681216
etcn2,1,4,AM,9,0.5586682907023954
etcn2,1,4,AM,10,0.4853503184713376
etcn2,1,4,AM,11,0.5601832569762599
etcn2,1,4,AM,12,0.3931265716680637
etcn2,1,4,PM,1,0.5700245700245701
etcn2,1,4,PM,2,0.4493670886075949
etcn2,1,4,PM,3,0.6281385281385281
etcn2,1,4,PM,4,0.4695904013239553
etcn2,1,4,PM,5,0.5610952186350634
etcn2,1,4,PM,6,0.4658813972380178
etcn2,1,4,PM,7,0.5995910020449898
etcn2,1,4,PM,8,0.4838976052848885
etcn2,1,4,PM,9,0.6452273658336747
etcn2,1,4,PM,10,0.49593147751606004
etcn2,1,4,PM,11,0.5914558274574865
etcn2,1,4,PM,12,0.4665537679932261
etcn2,1,5,AM,1,0.4836409395973154
etcn2,1,5,AM,2,0.5074626865671642
etcn2,1,5,AM,3,0.5547154795065659
etcn2,1,5,AM,4,0.4764353041988004
etcn2,1,5,AM,5,0.5235982250907624
etcn2,1,5,AM,6,0.4470538001707942
etcn2,1,5,AM,7,0.4415739268680445
etcn2,1,5,AM,8,0.42
etcn2,1,5,AM,9,0.5047422680412371
etcn2,1,5,AM,10,0.4286317567567568
etcn2,1,5,AM,11,0.4760177347843612
etcn2,1,5,AM,12,0.4876339653751031
etcn2,1,5,PM,1,0.4766982622432859
etcn2,1,5,PM,2,0.4006805614632071
etcn2,1,5,PM,3,0.4805982215036378
etcn2,1,5,PM,4,0.4611833822912295
etcn2,1,5,PM,5,0.478790259230165
etcn2,1,5,PM,6,0.481420313790256
etcn2,1,5,PM,7,0.5034040849018823
etcn2,1,5,PM,8,0.4825726141078838
etcn2,1,5,PM,9,0.5295049504950495
etcn2,1,5,PM,10,0.4696472518457752
etcn2,1,5,PM,11,0.5275875956504229
etcn2,1,5,PM,12,0.4518046709129512
etcn3,1,1,AM,1,0.7494117647058823
etcn3,1,1,AM,2,0.6976160602258469
etcn3,1,1,AM,3,0.7280701754385965
etcn3,1,1,AM,4,0.7335827098919369
etcn3,1,1,AM,5,0.7349541650059784
etcn3,1,1,AM,6,0.6234096692111959
etcn3,1,1,AM,7,0.740392477514309
etcn3,1,1,AM,8,0.7107822410147991
etcn3,1,1,AM,9,0.7616707616707616
etcn3,1,1,AM,10,0.7406045751633987
etcn3,1,1,AM,11,0.7434765154556403
etcn3,1,1,AM,12,0.641517298874531
etcn3,1,1,PM,1,0.7875343002744022
etcn3,1,1,PM,2,0.6796319531576747
etcn3,1,1,PM,3,0.791796875
etcn3,1,1,PM,4,0.7087980173482032
etcn3,1,1,PM,5,0.7760063770426465
etcn3,1,1,PM,6,0.6201804757998359
etcn3,1,1,PM,7,0.7574790586358197
etcn3,1,1,PM,8,0.7608695652173914
etcn3,1,1,PM,9,0.7385412514946194
etcn3,1,1,PM,10,0.7383673469387755
etcn3,1,1,PM,11,0.7931034482758621
etcn3,1,1,PM,12,0.6183431952662722
etcn3,1,2,AM,1,0.6735688185140073
etcn3,1,2,AM,2,0.6384133611691023
etcn3,1,2,AM,3,0.7031816351188079
etcn3,1,2,AM,4,0.61210111893908
etcn3,1,2,AM,5,0.6590816741162129
etcn3,1,2,AM,6,0.6217788861180382
etcn3,1,2,AM,7,0.6922770700636943
etcn3,1,2,AM,8,0.6348221670802316
etcn3,1,2,AM,9,0.6679952172180151
etcn3,1,2,AM,10,0.5498938428874734
etcn3,1,2,AM,11,0.6679968076616122
etcn3,1,2,AM,12,0.5618301731244848
etcn3,1,2,PM,1,0.5728155339805825
etcn3,1,2,PM,2,0.474188176519567
etcn3,1,2,PM,3,0.6010488100040339
etcn3,1,2,PM,4,0.5952873088052915
etcn3,1,2,PM,5,0.6302040816326531
etcn3,1,2,PM,6,0.5375527426160338
etcn3,1,2,PM,7,0.6043720531504501
etcn3,1,2,PM,8,0.6185778873818332
etcn3,1,2,PM,9,0.6307070707070707
etcn3,1,2,PM,10,0.6041067761806982
etcn3,1,2,PM,11,0.6755045508508113
etcn3,1,2,PM,12,0.6388429752066116
etcn3,1,3,AM,1,0.6158285243198681
etcn3,1,3,AM,2,0.5635799734160389
etcn3,1,3,AM,3,0.6208119826566811
etcn3,1,3,AM,4,0.5311958405545927
etcn3,1,3,AM,5,0.6638280616382806
etcn3,1,3,AM,6,0.6021867115222876
etcn3,1,3,AM,7,0.6018860188601886
etcn3,1,3,AM,8,0.6353092783505154
etcn3,1,3,AM,9,0.6670812603648425
etcn3,1,3,AM,10,0.6294302377747869
etcn3,1,3,AM,11,0.6425963488843813
etcn3,1,3,AM,12,0.5900862068965518
etcn3,1,3,PM,1,0.3888422818791946
etcn3,1,3,PM,2,0.40420962199312716
etcn3,1,3,PM,3,0.4282744282744283
etcn3,1,3,PM,4,0.3862569355527102
etcn3,1,3,PM,5,0.3639330885352917
etcn3,1,3,PM,6,0.40522036799315364
etcn3,1,3,PM,7,0.380718954248366
etcn3,1,3,PM,8,0.40184951660361495
etcn3,1,3,PM,9,0.4006024096385542
etcn3,1,3,PM,10,0.347584437793929
etcn3,1,3,PM,11,0.36385936222403925
etcn3,1,3,PM,12,0.3882657463330457
etcn3,1,4,AM,1,0.6450287592440427
etcn3,1,4,AM,2,0.5946308724832214
etcn3,1,4,AM,3,0.5730290456431535
etcn3,1,4,AM,4,0.6306113723813596
etcn3,1,4,AM,5,0.715427657873701
etcn3,1,4,AM,6,0.6132359260850881
etcn3,1,4,AM,7,0.7037953795379538
etcn3,1,4,AM,8,0.6003423192126658
etcn3,1,4,AM,9,0.6987413723101908
etcn3,1,4,AM,10,0.6615711252653927
etcn3,1,4,AM,11,0.6593086214077468
etcn3,1,4,AM,12,0.5222129086336965
etcn3,1,4,PM,1,0.6932841932841933
etcn3,1,4,PM,2,0.5654008438818565
etcn3,1,4,PM,3,0.6718614718614718
etcn3,1,4,PM,4,0.6032271410839884
etcn3,1,4,PM,5,0.6902329382917859
etcn3,1,4,PM,6,0.5735174654752234
etcn3,1,4,PM,7,0.7087934560327198
etcn3,1,4,PM,8,0.5751445086705202
etcn3,1,4,PM,9,0.6845555100368701
etcn3,1,4,PM,10,0.5657387580299786
etcn3,1,4,PM,11,0.6470344255495645
etcn3,1,4,PM,12,0.5486875529212532
etcn3,1,5,AM,1,0.5302013422818792
etcn3,1,5,AM,2,0.46140724946695094
etcn3,1,5,AM,3,0.5280541185833665
etcn3,1,5,AM,4,0.45844044558697516
etcn3,1,5,AM,5,0.5683743444937475
etcn3,1,5,AM,6,0.45345858240819814
etcn3,1,5,AM,7,0.4944356120826709
etcn3,1,5,AM,8,0.43416666666666665
etcn3,1,5,AM,9,0.5682474226804124
etcn3,1,5,AM,10,0.47297297297297297
etcn3,1,5,AM,11,0.5268037081821846
etcn3,1,5,AM,12,0.4624896949711459
etcn3,1,5,PM,1,0.5312006319115324
etcn3,1,5,PM,2,0.45597618034878773
etcn3,1,5,PM,3,0.5743734842360549
etcn3,1,5,PM,4,0.53629878304658
etcn3,1,5,PM,5,0.5765907305577376
etcn3,1,5,PM,6,0.5454170107349298
etcn3,1,5,PM,7,0.5566680016019223
etcn3,1,5,PM,8,0.5464730290456431
etcn3,1,5,PM,9,0.5857425742574257
etcn3,1,5,PM,10,0.5213289581624282
etcn3,1,5,PM,11,0.6238421264599275
etcn3,1,5,PM,12,0.5290870488322718
