model,sb,day,time,trial,stability
ecnn0,1,1,AM,1,0.9807767752059632
ecnn0,1,1,AM,2,0.9895397489539748
ecnn0,1,1,AM,3,0.8488232947746309
ecnn0,1,1,AM,4,0.9916839916839916
ecnn0,1,1,AM,5,0.9876395534290272
ecnn0,1,1,AM,6,0.9898175647008908
ecnn0,1,1,AM,7,0.9885480572597136
ecnn0,1,1,AM,8,0.9932318104906938
ecnn0,1,1,AM,9,0.88529291274068
ecnn0,1,1,AM,10,0.986514098896608
ecnn0,1,1,AM,11,0.9899598393574296
ecnn0,1,1,AM,12,0.9916597164303588
ecnn0,1,1,PM,1,0.9811764705882352
ecnn0,1,1,PM,2,0.981589958158996
ecnn0,1,1,PM,3,0.8569753810082064
ecnn0,1,1,PM,4,0.9884297520661156
ecnn0,1,1,PM,5,0.9808612440191388
ecnn0,1,1,PM,6,0.9913828477636438
ecnn0,1,1,PM,7,0.9832402234636872
ecnn0,1,1,PM,8,0.987871183605186
ecnn0,1,1,PM,9,0.8720095693779905
ecnn0,1,1,PM,10,0.982033483054308
ecnn0,1,1,PM,11,0.9863618130766144
ecnn0,1,1,PM,12,0.9906976744186048
ecnn0,1,2,AM,1,0.8338748984565394
ecnn0,1,2,AM,2,0.8375104427736006
ecnn0,1,2,AM,3,0.8477034649476229
ecnn0,1,2,AM,4,0.8192371475953566
ecnn0,1,2,AM,5,0.8418699186991869
ecnn0,1,2,AM,6,0.8386694386694387
ecnn0,1,2,AM,7,0.8546395858223815
ecnn0,1,2,AM,8,0.8291270169631775
ecnn0,1,2,AM,9,0.8572567783094098
ecnn0,1,2,AM,10,0.7969413763806288
ecnn0,1,2,AM,11,0.8327345309381238
ecnn0,1,2,AM,12,0.828041237113402
ecnn0,1,2,PM,1,0.8045325779036827
ecnn0,1,2,PM,2,0.8300708038317368
ecnn0,1,2,PM,3,0.8208232445520581
ecnn0,1,2,PM,4,0.8229942100909843
ecnn0,1,2,PM,5,0.8211514904042466
ecnn0,1,2,PM,6,0.8404390037990713
ecnn0,1,2,PM,7,0.8057461406518011
ecnn0,1,2,PM,8,0.8079769736842105
ecnn0,1,2,PM,9,0.8294260307194826
ecnn0,1,2,PM,10,0.8134757600657354
ecnn0,1,2,PM,11,0.8135391923990498
ecnn0,1,2,PM,12,0.8441504754030591
ecnn0,1,3,AM,1,0.8185567010309278
ecnn0,1,3,AM,2,0.7925531914893618
ecnn0,1,3,AM,3,0.8055993690851735
ecnn0,1,3,AM,4,0.8357173818812309
ecnn0,1,3,AM,5,0.8219066937119676
ecnn0,1,3,AM,6,0.8376104333193101
ecnn0,1,3,AM,7,0.8252666119770303
ecnn0,1,3,AM,8,0.8199398366996132
ecnn0,1,3,AM,9,0.8067192036499378
ecnn0,1,3,AM,10,0.8469479353680431
ecnn0,1,3,AM,11,0.8356331168831169
ecnn0,1,3,AM,12,0.8119879258300992
ecnn0,1,3,PM,1,0.7540914813260595
ecnn0,1,3,PM,2,0.74172754619682
ecnn0,1,3,PM,3,0.7595673876871879
ecnn0,1,3,PM,4,0.7561912894961571
ecnn0,1,3,PM,5,0.7506122448979592
ecnn0,1,3,PM,6,0.7551369863013698
ecnn0,1,3,PM,7,0.7842255823457295
ecnn0,1,3,PM,8,0.7754415475189235
ecnn0,1,3,PM,9,0.7955230305639259
ecnn0,1,3,PM,10,0.7745936698032506
ecnn0,1,3,PM,11,0.7685071574642127
ecnn0,1,3,PM,12,0.7453603798014674
ecnn0,1,4,AM,1,0.8438142211261817
ecnn0,1,4,AM,2,0.8258728737690242
ecnn0,1,4,AM,3,0.8094645080946451
ecnn0,1,4,AM,4,0.8062446535500427
ecnn0,1,4,AM,5,0.8268692522990804
ecnn0,1,4,AM,6,0.8366294067067928
ecnn0,1,4,AM,7,0.8361535286834503
ecnn0,1,4,AM,8,0.8189212328767124
ecnn0,1,4,AM,9,0.8318440292445166
ecnn0,1,4,AM,10,0.8411214953271028
ecnn0,1,4,AM,11,0.8329166666666666
ecnn0,1,4,AM,12,0.8264150943396227
ecnn0,1,4,PM,1,0.8762802130274477
ecnn0,1,4,PM,2,0.8117349092444069
ecnn0,1,4,PM,3,0.8601126028583803
ecnn0,1,4,PM,4,0.8480960264900662
ecnn0,1,4,PM,5,0.8450531479967294
ecnn0,1,4,PM,6,0.8305566842746851
ecnn0,1,4,PM,7,0.8608837970540099
ecnn0,1,4,PM,8,0.8620404791408509
ecnn0,1,4,PM,9,0.8610655737704918
ecnn0,1,4,PM,10,0.8431876606683805
ecnn0,1,4,PM,11,0.8452282157676348
ecnn0,1,4,PM,12,0.8432867429055485
ecnn0,1,5,AM,1,0.8002517834662191
ecnn0,1,5,AM,2,0.8144197952218429
ecnn0,1,5,AM,3,0.8236464968152866
ecnn0,1,5,AM,4,0.7976853836262323
ecnn0,1,5,AM,5,0.7865213882163035
ecnn0,1,5,AM,6,0.8035027765912004
ecnn0,1,5,AM,7,0.772962226640159
ecnn0,1,5,AM,8,0.7853272196748645
ecnn0,1,5,AM,9,0.7854785478547854
ecnn0,1,5,AM,10,0.8094634558512885
ecnn0,1,5,AM,11,0.8080645161290323
ecnn0,1,5,AM,12,0.8218556701030928
ecnn0,1,5,PM,1,0.8170683524298696
ecnn0,1,5,PM,2,0.8085106382978724
ecnn0,1,5,PM,3,0.8135867367569753
ecnn0,1,5,PM,4,0.8035264483627205
ecnn0,1,5,PM,5,0.8290766208251473
ecnn0,1,5,PM,6,0.8298223874432054
ecnn0,1,5,PM,7,0.8169070512820513
ecnn0,1,5,PM,8,0.8385222083852221
ecnn0,1,5,PM,9,0.8276545166402536
ecnn0,1,5,PM,10,0.8137053754616331
ecnn0,1,5,PM,11,0.8094278807413376
ecnn0,1,5,PM,12,0.7948173322005098
ecnn1,1,1,AM,1,0.9419380149078068
ecnn1,1,1,AM,2,0.9539748953974896
ecnn1,1,1,AM,3,0.8827283605903471
ecnn1,1,1,AM,4,0.9459459459459459
ecnn1,1,1,AM,5,0.9465709728867624
ecnn1,1,1,AM,6,0.9435723377174374
ecnn1,1,1,AM,7,0.9562372188139059
ecnn1,1,1,AM,8,0.955160744500846
ecnn1,1,1,AM,9,0.8906185989348627
ecnn1,1,1,AM,10,0.9415610952186352
ecnn1,1,1,AM,11,0.9433734939759036
ecnn1,1,1,AM,12,0.9462051709758132
ecnn1,1,1,PM,1,0.9462745098039216
ecnn1,1,1,PM,2,0.9510460251046025
ecnn1,1,1,PM,3,0.8718249316139117
ecnn1,1,1,PM,4,0.9396694214876034
ecnn1,1,1,PM,5,0.9513556618819776
ecnn1,1,1,PM,6,0.9454247025030776
ecnn1,1,1,PM,7,0.9297685554668796
ecnn1,1,1,PM,8,0.9539941447093266
ecnn1,1,1,PM,9,0.8971291866028708
ecnn1,1,1,PM,10,0.9452837893017558
ecnn1,1,1,PM,11,0.9530685920577616
ecnn1,1,1,PM,12,0.9602536997885835
ecnn1,1,2,AM,1,0.8558082859463849
ecnn1,1,2,AM,2,0.8533834586466166
ecnn1,1,2,AM,3,0.8509266720386784
ecnn1,1,2,AM,4,0.8478441127694859
ecnn1,1,2,AM,5,0.8678861788617886
ecnn1,1,2,AM,6,0.8224532224532224
ecnn1,1,2,AM,7,0.8534448426921545
ecnn1,1,2,AM,8,0.8638808440215142
ecnn1,1,2,AM,9,0.8748006379585327
ecnn1,1,2,AM,10,0.8313508920985556
ecnn1,1,2,AM,11,0.8686626746506986
ecnn1,1,2,AM,12,0.8457731958762886
ecnn1,1,2,PM,1,0.8381222177256171
ecnn1,1,2,PM,2,0.8292378175760101
ecnn1,1,2,PM,3,0.8389830508474576
ecnn1,1,2,PM,4,0.8490488006617039
ecnn1,1,2,PM,5,0.8668844426296447
ecnn1,1,2,PM,6,0.8737864077669903
ecnn1,1,2,PM,7,0.8387650085763293
ecnn1,1,2,PM,8,0.8453947368421053
ecnn1,1,2,PM,9,0.8476151980598221
ecnn1,1,2,PM,10,0.8549712407559573
ecnn1,1,2,PM,11,0.8535233570863024
ecnn1,1,2,PM,12,0.8561389003720545
ecnn1,1,3,AM,1,0.8511340206185567
ecnn1,1,3,AM,2,0.81427304964539
ecnn1,1,3,AM,3,0.8209779179810726
ecnn1,1,3,AM,4,0.8790637191157347
ecnn1,1,3,AM,5,0.867342799188641
ecnn1,1,3,AM,6,0.8779974758098443
ecnn1,1,3,AM,7,0.8334700574241181
ecnn1,1,3,AM,8,0.8564675547915771
ecnn1,1,3,AM,9,0.8540024885939445
ecnn1,1,3,AM,10,0.8631059245960503
ecnn1,1,3,AM,11,0.8299512987012987
ecnn1,1,3,AM,12,0.8495040965933592
ecnn1,1,3,PM,1,0.8401174989509023
ecnn1,1,3,PM,2,0.8190803609798023
ecnn1,1,3,PM,3,0.8290349417637272
ecnn1,1,3,PM,4,0.796327924850555
ecnn1,1,3,PM,5,0.8212244897959183
ecnn1,1,3,PM,6,0.8026541095890412
ecnn1,1,3,PM,7,0.8590110339190846
ecnn1,1,3,PM,8,0.8427249789739277
ecnn1,1,3,PM,9,0.8562204046491606
ecnn1,1,3,PM,10,0.8032506415739948
ecnn1,1,3,PM,11,0.8286298568507158
ecnn1,1,3,PM,12,0.790677600345274
ecnn1,1,4,AM,1,0.8668310727496917
ecnn1,1,4,AM,2,0.8679498657117278
ecnn1,1,4,AM,3,0.8181818181818181
ecnn1,1,4,AM,4,0.8404619332763046
ecnn1,1,4,AM,5,0.8764494202319072
ecnn1,1,4,AM,6,0.8392089423903697
ecnn1,1,4,AM,7,0.8732975650020636
ecnn1,1,4,AM,8,0.8428938356164384
ecnn1,1,4,AM,9,0.8619008935824533
ecnn1,1,4,AM,10,0.8500424808836023
ecnn1,1,4,AM,11,0.8620833333333333
ecnn1,1,4,AM,12,0.8222222222222222
ecnn1,1,4,PM,1,0.8918476034412126
ecnn1,1,4,PM,2,0.8716758125791473
ecnn1,1,4,PM,3,0.8778692074491121
ecnn1,1,4,PM,4,0.8634105960264901
ecnn1,1,4,PM,5,0.8773507767784138
ecnn1,1,4,PM,6,0.8744412840308817
ecnn1,1,4,PM,7,0.8821603927986906
ecnn1,1,4,PM,8,0.8810408921933086
ecnn1,1,4,PM,9,0.8745901639344262
ecnn1,1,4,PM,10,0.879605826906598
ecnn1,1,4,PM,11,0.8767634854771784
ecnn1,1,4,PM,12,0.8750529436679373
ecnn1,1,5,AM,1,0.8476710029374738
ecnn1,1,5,AM,2,0.8344709897610921
ecnn1,1,5,AM,3,0.8491242038216558
ecnn1,1,5,AM,4,0.8452636090870125
ecnn1,1,5,AM,5,0.8430185633575464
ecnn1,1,5,AM,6,0.8701409653994019
ecnn1,1,5,AM,7,0.8238568588469185
ecnn1,1,5,AM,8,0.8253438932888704
ecnn1,1,5,AM,9,0.8325082508250825
ecnn1,1,5,AM,10,0.8546683565694972
ecnn1,1,5,AM,11,0.8318548387096774
ecnn1,1,5,AM,12,0.8729896907216494
ecnn1,1,5,PM,1,0.8549980244962465
ecnn1,1,5,PM,2,0.8531914893617021
ecnn1,1,5,PM,3,0.876668014557218
ecnn1,1,5,PM,4,0.8513853904282116
ecnn1,1,5,PM,5,0.8522593320235756
ecnn1,1,5,PM,6,0.8496489054109873
ecnn1,1,5,PM,7,0.8617788461538461
ecnn1,1,5,PM,8,0.8613532586135326
ecnn1,1,5,PM,9,0.8736133122028527
ecnn1,1,5,PM,10,0.8551497743126795
ecnn1,1,5,PM,11,0.8541498791297341
ecnn1,1,5,PM,12,0.8551401869158879
ecnn2,1,1,AM,1,0.8199293840721852
ecnn2,1,1,AM,2,0.8154811715481172
ecnn2,1,1,AM,3,0.7997606701236537
ecnn2,1,1,AM,4,0.7854469854469854
ecnn2,1,1,AM,5,0.7842902711323764
ecnn2,1,1,AM,6,0.7882901994060246
ecnn2,1,1,AM,7,0.8339468302658487
ecnn2,1,1,AM,8,0.7918781725888324
ecnn2,1,1,AM,9,0.8422777550184352
ecnn2,1,1,AM,10,0.8095627298733142
ecnn2,1,1,AM,11,0.8365461847389558
ecnn2,1,1,AM,12,0.8040033361134279
ecnn2,1,1,PM,1,0.847843137254902
ecnn2,1,1,PM,2,0.8037656903765691
ecnn2,1,1,PM,3,0.8163345056662759
ecnn2,1,1,PM,4,0.8206611570247934
ecnn2,1,1,PM,5,0.8145933014354068
ecnn2,1,1,PM,6,0.8145260566270004
ecnn2,1,1,PM,7,0.8479648842777334
ecnn2,1,1,PM,8,0.8122124634044333
ecnn2,1,1,PM,9,0.803030303030303
ecnn2,1,1,PM,10,0.8215598203348305
ecnn2,1,1,PM,11,0.8319294023265142
ecnn2,1,1,PM,12,0.7978858350951374
ecnn2,1,2,AM,1,0.8025995125913892
ecnn2,1,2,AM,2,0.7639933166248956
ecnn2,1,2,AM,3,0.8074133763094279
ecnn2,1,2,AM,4,0.7719734660033167
ecnn2,1,2,AM,5,0.7837398373983739
ecnn2,1,2,AM,6,0.7234927234927235
ecnn2,1,2,AM,7,0.8223815213062525
ecnn2,1,2,AM,8,0.774100124120811
ecnn2,1,2,AM,9,0.8106060606060606
ecnn2,1,2,AM,10,0.740016992353441
ecnn2,1,2,AM,11,0.8203592814371258
ecnn2,1,2,AM,12,0.7270103092783505
ecnn2,1,2,PM,1,0.8110076891946579
ecnn2,1,2,PM,2,0.8013327780091628
ecnn2,1,2,PM,3,0.8123486682808717
ecnn2,1,2,PM,4,0.770885028949545
ecnn2,1,2,PM,5,0.7946100449162924
ecnn2,1,2,PM,6,0.7956943858168003
ecnn2,1,2,PM,7,0.7590051457975986
ecnn2,1,2,PM,8,0.7516447368421053
ecnn2,1,2,PM,9,0.8055780113177041
ecnn2,1,2,PM,10,0.766228430566968
ecnn2,1,2,PM,11,0.7885985748218527
ecnn2,1,2,PM,12,0.7672591980157091
ecnn2,1,3,AM,1,0.7884536082474227
ecnn2,1,3,AM,2,0.7956560283687943
ecnn2,1,3,AM,3,0.7847003154574133
ecnn2,1,3,AM,4,0.8019072388383182
ecnn2,1,3,AM,5,0.8113590263691683
ecnn2,1,3,AM,6,0.8329827513672696
ecnn2,1,3,AM,7,0.7850697292863003
ecnn2,1,3,AM,8,0.7567683712935109
ecnn2,1,3,AM,9,0.8187474077146413
ecnn2,1,3,AM,10,0.7594254937163375
ecnn2,1,3,AM,11,0.8181818181818181
ecnn2,1,3,AM,12,0.8055196205260888
ecnn2,1,3,PM,1,0.8036088963491397
ecnn2,1,3,PM,2,0.7597765363128491
ecnn2,1,3,PM,3,0.8065723793677204
ecnn2,1,3,PM,4,0.7331340734415029
ecnn2,1,3,PM,5,0.7604081632653061
ecnn2,1,3,PM,6,0.7846746575342466
ecnn2,1,3,PM,7,0.7548017981201471
ecnn2,1,3,PM,8,0.7876366694701429
ecnn2,1,3,PM,9,0.7851915626345243
ecnn2,1,3,PM,10,0.7480752780153977
ecnn2,1,3,PM,11,0.7672801635991819
ecnn2,1,3,PM,12,0.7129909365558913
ecnn2,1,4,AM,1,0.8512124948623099
ecnn2,1,4,AM,2,0.8357206803939122
ecnn2,1,4,AM,3,0.8343711083437111
ecnn2,1,4,AM,4,0.7929854576561164
ecnn2,1,4,AM,5,0.8428628548580568
ecnn2,1,4,AM,6,0.7979363714531384
ecnn2,1,4,AM,7,0.8505984316962443
ecnn2,1,4,AM,8,0.7970890410958904
ecnn2,1,4,AM,9,0.822502030869212
ecnn2,1,4,AM,10,0.7918436703483432
ecnn2,1,4,AM,11,0.8179166666666666
ecnn2,1,4,AM,12,0.7916142557651992
ecnn2,1,4,PM,1,0.8295780417861532
ecnn2,1,4,PM,2,0.7463064584212749
ecnn2,1,4,PM,3,0.8263317453443049
ecnn2,1,4,PM,4,0.7884933774834437
ecnn2,1,4,PM,5,0.8070318887980377
ecnn2,1,4,PM,6,0.7801706623323852
ecnn2,1,4,PM,7,0.8089198036006546
ecnn2,1,4,PM,8,0.7492771581990914
ecnn2,1,4,PM,9,0.8450819672131148
ecnn2,1,4,PM,10,0.8127677806341045
ecnn2,1,4,PM,11,0.8348547717842324
ecnn2,1,4,PM,12,0.7776365946632783
ecnn2,1,5,AM,1,0.7855644146034411
ecnn2,1,5,AM,2,0.7273890784982935
ecnn2,1,5,AM,3,0.7830414012738853
ecnn2,1,5,AM,4,0.72524646378054
ecnn2,1,5,AM,5,0.7558514931396287
ecnn2,1,5,AM,6,0.6877402819307987
ecnn2,1,5,AM,7,0.7383697813121273
ecnn2,1,5,AM,8,0.7094622759483118
ecnn2,1,5,AM,9,0.7797029702970297
ecnn2,1,5,AM,10,0.7287705956907478
ecnn2,1,5,AM,11,0.744758064516129
ecnn2,1,5,AM,12,0.7496907216494846
ecnn2,1,5,PM,1,0.7925721058870012
ecnn2,1,5,PM,2,0.7327659574468085
ecnn2,1,5,PM,3,0.8156085725839062
ecnn2,1,5,PM,4,0.7695214105793451
ecnn2,1,5,PM,5,0.7921414538310413
ecnn2,1,5,PM,6,0.7579512598099959
ecnn2,1,5,PM,7,0.7644230769230769
ecnn2,1,5,PM,8,0.7355749273557493
ecnn2,1,5,PM,9,0.7943740095087163
ecnn2,1,5,PM,10,0.7340993024210094
ecnn2,1,5,PM,11,0.7969379532634971
ecnn2,1,5,PM,12,0.7480883602378929
ecnn3,1,1,AM,1,0.9635151039623382
ecnn3,1,1,AM,2,0.9309623430962344
ecnn3,1,1,AM,3,0.8109293976864779
ecnn3,1,1,AM,4,0.9222453222453222
ecnn3,1,1,AM,5,0.9577352472089314
ecnn3,1,1,AM,6,0.94102672889266
ecnn3,1,1,AM,7,0.9513292433537832
ecnn3,1,1,AM,8,0.9454314720812182
ecnn3,1,1,AM,9,0.8566161409258499
ecnn3,1,1,AM,10,0.9272578667756436
ecnn3,1,1,AM,11,0.93855421686747
ecnn3,1,1,AM,12,0.9341117597998332
ecnn3,1,1,PM,1,0.9603921568627451
ecnn3,1,1,PM,2,0.9548117154811716
ecnn3,1,1,PM,3,0.8253223915592028
ecnn3,1,1,PM,4,0.9384297520661156
ecnn3,1,1,PM,5,0.9513556618819776
ecnn3,1,1,PM,6,0.9606073040623716
ecnn3,1,1,PM,7,0.9341580207501996
ecnn3,1,1,PM,8,0.93099121706399
ecnn3,1,1,PM,9,0.8289473684210527
ecnn3,1,1,PM,10,0.9497754185381788
ecnn3,1,1,PM,11,0.9514640994785399
ecnn3,1,1,PM,12,0.945031712473573
ecnn3,1,2,AM,1,0.8058489033306255
ecnn3,1,2,AM,2,0.7744360902255639
ecnn3,1,2,AM,3,0.8017727639000806
ecnn3,1,2,AM,4,0.7728026533996684
ecnn3,1,2,AM,5,0.8150406504065041
ecnn3,1,2,AM,6,0.7463617463617463
ecnn3,1,2,AM,7,0.8199920350457985
ecnn3,1,2,AM,8,0.7898220935043443
ecnn3,1,2,AM,9,0.8337320574162679
ecnn3,1,2,AM,10,0.7476635514018692
ecnn3,1,2,AM,11,0.8135728542914171
ecnn3,1,2,AM,12,0.7690721649484535
ecnn3,1,2,PM,1,0.7932011331444759
ecnn3,1,2,PM,2,0.7755102040816326
ecnn3,1,2,PM,3,0.8018563357546409
ecnn3,1,2,PM,4,0.7737799834574028
ecnn3,1,2,PM,5,0.7999183340138832
ecnn3,1,2,PM,6,0.78978471929084
ecnn3,1,2,PM,7,0.7881646655231561
ecnn3,1,2,PM,8,0.7767269736842105
ecnn3,1,2,PM,9,0.8213419563459984
ecnn3,1,2,PM,10,0.7908792111750206
ecnn3,1,2,PM,11,0.8238321456848773
ecnn3,1,2,PM,12,0.8156262918561389
ecnn3,1,3,AM,1,0.7859793814432989
ecnn3,1,3,AM,2,0.7619680851063829
ecnn3,1,3,AM,3,0.7748422712933754
ecnn3,1,3,AM,4,0.7815344603381014
ecnn3,1,3,AM,5,0.8081135902636917
ecnn3,1,3,AM,6,0.8064787547328566
ecnn3,1,3,AM,7,0.7899917965545529
ecnn3,1,3,AM,8,0.7713794585302965
ecnn3,1,3,AM,9,0.7847366238075487
ecnn3,1,3,AM,10,0.7930879712746858
ecnn3,1,3,AM,11,0.8056006493506493
ecnn3,1,3,AM,12,0.7757654161276413
ecnn3,1,3,PM,1,0.7582878724297104
ecnn3,1,3,PM,2,0.7412978083369145
ecnn3,1,3,PM,3,0.7762063227953411
ecnn3,1,3,PM,4,0.7497865072587532
ecnn3,1,3,PM,5,0.743265306122449
ecnn3,1,3,PM,6,0.7615582191780822
ecnn3,1,3,PM,7,0.7552104617899469
ecnn3,1,3,PM,8,0.7582001682085786
ecnn3,1,3,PM,9,0.7391304347826086
ecnn3,1,3,PM,10,0.7544910179640718
ecnn3,1,3,PM,11,0.7476482617586913
ecnn3,1,3,PM,12,0.7423392317652137
ecnn3,1,4,AM,1,0.8232634607480477
ecnn3,1,4,AM,2,0.7779767233661594
ecnn3,1,4,AM,3,0.7978414279784143
ecnn3,1,4,AM,4,0.7489307100085543
ecnn3,1,4,AM,5,0.8408636545381847
ecnn3,1,4,AM,6,0.7712811693895099
ecnn3,1,4,AM,7,0.8208832026413537
ecnn3,1,4,AM,8,0.78125
ecnn3,1,4,AM,9,0.8135662063363119
ecnn3,1,4,AM,10,0.7778249787595581
ecnn3,1,4,AM,11,0.8175
ecnn3,1,4,AM,12,0.7710691823899372
ecnn3,1,4,PM,1,0.8426874231872183
ecnn3,1,4,PM,2,0.7809202195018996
ecnn3,1,4,PM,3,0.8224339540926808
ecnn3,1,4,PM,4,0.8038079470198676
ecnn3,1,4,PM,5,0.8156173344235487
ecnn3,1,4,PM,6,0.7899227956115401
ecnn3,1,4,PM,7,0.8158756137479541
ecnn3,1,4,PM,8,0.8112350268484098
ecnn3,1,4,PM,9,0.8610655737704918
ecnn3,1,4,PM,10,0.7982005141388175
ecnn3,1,4,PM,11,0.8572614107883818
ecnn3,1,4,PM,12,0.7865311308767471
ecnn3,1,5,AM,1,0.7650020981955519
ecnn3,1,5,AM,2,0.731655290102389
ecnn3,1,5,AM,3,0.7671178343949044
ecnn3,1,5,AM,4,0.7428204029147021
ecnn3,1,5,AM,5,0.7820823244552058
ecnn3,1,5,AM,6,0.719350704826997
ecnn3,1,5,AM,7,0.7025844930417495
ecnn3,1,5,AM,8,0.7232180075031263
ecnn3,1,5,AM,9,0.7685643564356436
ecnn3,1,5,AM,10,0.7591888466413181
ecnn3,1,5,AM,11,0.7399193548387097
ecnn3,1,5,AM,12,0.7430927835051546
ecnn3,1,5,PM,1,0.7732121691031213
ecnn3,1,5,PM,2,0.7093617021276596
ecnn3,1,5,PM,3,0.7844723008491711
ecnn3,1,5,PM,4,0.7649034424853065
ecnn3,1,5,PM,5,0.7878192534381141
ecnn3,1,5,PM,6,0.7624948368442792
ecnn3,1,5,PM,7,0.7491987179487181
ecnn3,1,5,PM,8,0.7355749273557493
ecnn3,1,5,PM,9,0.7793185419968305
ecnn3,1,5,PM,10,0.7562576938859253
ecnn3,1,5,PM,11,0.7872683319903304
ecnn3,1,5,PM,12,0.7421410365335599
etcn0,1,1,AM,1,0.8677912907022362
etcn0,1,1,AM,2,0.8690376569037657
etcn0,1,1,AM,3,0.806541683286797
etcn0,1,1,AM,4,0.8906444906444906
etcn0,1,1,AM,5,0.8724082934609251
etcn0,1,1,AM,6,0.8680526092490454
etcn0,1,1,AM,7,0.8723926380368098
etcn0,1,1,AM,8,0.8730964467005076
etcn0,1,1,AM,9,0.8443260958623515
etcn0,1,1,AM,10,0.8778095627298733
etcn0,1,1,AM,11,0.8783132530120482
etcn0,1,1,AM,12,0.8878231859883237
etcn0,1,1,PM,1,0.8870588235294118
etcn0,1,1,PM,2,0.8845188284518828
etcn0,1,1,PM,3,0.8151621727237202
etcn0,1,1,PM,4,0.8673553719008265
etcn0,1,1,PM,5,0.8895534290271132
etcn0,1,1,PM,6,0.8752564628641772
etcn0,1,1,PM,7,0.8675179569034317
etcn0,1,1,PM,8,0.8833124215809285
etcn0,1,1,PM,9,0.7966507177033493
etcn0,1,1,PM,10,0.8640261331155574
etcn0,1,1,PM,11,0.892498997192138
etcn0,1,1,PM,12,0.8723044397463002
etcn0,1,2,AM,1,0.8245329000812348
etcn0,1,2,AM,2,0.8195488721804511
etcn0,1,2,AM,3,0.8259468170829976
etcn0,1,2,AM,4,0.8026533996683249
etcn0,1,2,AM,5,0.8219512195121952
etcn0,1,2,AM,6,0.8099792099792099
etcn0,1,2,AM,7,0.8367184388689766
etcn0,1,2,AM,8,0.8204385601985933
etcn0,1,2,AM,9,0.8401116427432217
etcn0,1,2,AM,10,0.7846219201359388
etcn0,1,2,AM,11,0.8219560878243513
etcn0,1,2,AM,12,0.7797938144329897
etcn0,1,2,PM,1,0.7992715499797652
etcn0,1,2,PM,2,0.8075801749271136
etcn0,1,2,PM,3,0.8147699757869249
etcn0,1,2,PM,4,0.7994210090984284
etcn0,1,2,PM,5,0.8146182115149041
etcn0,1,2,PM,6,0.7973828619670748
etcn0,1,2,PM,7,0.8027444253859348
etcn0,1,2,PM,8,0.8096217105263158
etcn0,1,2,PM,9,0.8172999191592563
etcn0,1,2,PM,10,0.8192276088742809
etcn0,1,2,PM,11,0.8095803642121933
etcn0,1,2,PM,12,0.8172798677139314
etcn0,1,3,AM,1,0.8070103092783505
etcn0,1,3,AM,2,0.7717198581560284
etcn0,1,3,AM,3,0.7965299684542586
etcn0,1,3,AM,4,0.7923710446467274
etcn0,1,3,AM,5,0.8450304259634889
etcn0,1,3,AM,6,0.8119478334034498
etcn0,1,3,AM,7,0.8018867924528301
etcn0,1,3,AM,8,0.8070477009024495
etcn0,1,3,AM,9,0.79303193695562
etcn0,1,3,AM,10,0.8083482944344704
etcn0,1,3,AM,11,0.8185876623376623
etcn0,1,3,AM,12,0.8033635187580854
etcn0,1,3,PM,1,0.7893411665967268
etcn0,1,3,PM,2,0.7829823807477438
etcn0,1,3,PM,3,0.7653910149750416
etcn0,1,3,PM,4,0.7655849701110162
etcn0,1,3,PM,5,0.756734693877551
etcn0,1,3,PM,6,0.7474315068493151
etcn0,1,3,PM,7,0.7829995913363302
etcn0,1,3,PM,8,0.7825904121110177
etcn0,1,3,PM,9,0.787343951786483
etcn0,1,3,PM,10,0.7882805816937554
etcn0,1,3,PM,11,0.7885480572597137
etcn0,1,3,PM,12,0.7997410444540354
etcn0,1,4,AM,1,0.8175092478421702
etcn0,1,4,AM,2,0.8124440465532676
etcn0,1,4,AM,3,0.8044831880448319
etcn0,1,4,AM,4,0.8306244653550043
etcn0,1,4,AM,5,0.8556577369052379
etcn0,1,4,AM,6,0.8361994840928633
etcn0,1,4,AM,7,0.8662814692529921
etcn0,1,4,AM,8,0.8176369863013698
etcn0,1,4,AM,9,0.8350934199837531
etcn0,1,4,AM,10,0.816482582837723
etcn0,1,4,AM,11,0.8470833333333333
etcn0,1,4,AM,12,0.8050314465408805
etcn0,1,4,PM,1,0.8521097910692339
etcn0,1,4,PM,2,0.7906289573659773
etcn0,1,4,PM,3,0.8358596795149416
etcn0,1,4,PM,4,0.8021523178807947
etcn0,1,4,PM,5,0.8315617334423548
etcn0,1,4,PM,6,0.8199918732222674
etcn0,1,4,PM,7,0.8383797054009821
etcn0,1,4,PM,8,0.8133002891367204
etcn0,1,4,PM,9,0.8274590163934427
etcn0,1,4,PM,10,0.8239074550128535
etcn0,1,4,PM,11,0.8236514522821576
etcn0,1,4,PM,12,0.8055908513341804
etcn0,1,5,AM,1,0.8019303399076794
etcn0,1,5,AM,2,0.8110068259385665
etcn0,1,5,AM,3,0.7941878980891719
etcn0,1,5,AM,4,0.7981140162880411
etcn0,1,5,AM,5,0.7853107344632768
etcn0,1,5,AM,6,0.7718923536950022
etcn0,1,5,AM,7,0.7797216699801193
etcn0,1,5,AM,8,0.7724051688203418
etcn0,1,5,AM,9,0.8077557755775577
etcn0,1,5,AM,10,0.7752429235318969
etcn0,1,5,AM,11,0.8120967741935484
etcn0,1,5,AM,12,0.7571134020618557
etcn0,1,5,PM,1,0.811932042670881
etcn0,1,5,PM,2,0.7659574468085106
etcn0,1,5,PM,3,0.8208653457339264
etcn0,1,5,PM,4,0.7867338371116709
etcn0,1,5,PM,5,0.8176817288801572
etcn0,1,5,PM,6,0.8075175547294506
etcn0,1,5,PM,7,0.8165064102564102
etcn0,1,5,PM,8,0.8036529680365296
etcn0,1,5,PM,9,0.8240887480190174
etcn0,1,5,PM,10,0.7931883463274518
etcn0,1,5,PM,11,0.8295729250604351
etcn0,1,5,PM,12,0.7676295666949873
etcn1,1,1,AM,1,0.8732836406433896
etcn1,1,1,AM,2,0.8794979079497908
etcn1,1,1,AM,3,0.8667730355005984
etcn1,1,1,AM,4,0.8810810810810811
etcn1,1,1,AM,5,0.8728070175438596
etcn1,1,1,AM,6,0.8252015273652948
etcn1,1,1,AM,7,0.8822085889570552
etcn1,1,1,AM,8,0.8633671742808798
etcn1,1,1,AM,9,0.8848832445718968
etcn1,1,1,AM,10,0.8888434818144667
etcn1,1,1,AM,11,0.8751004016064257
etcn1,1,1,AM,12,0.8356964136780649
etcn1,1,1,PM,1,0.8858823529411765
etcn1,1,1,PM,2,0.8560669456066945
etcn1,1,1,PM,3,0.8710433763188745
etcn1,1,1,PM,4,0.8396694214876033
etcn1,1,1,PM,5,0.8696172248803828
etcn1,1,1,PM,6,0.8145260566270004
etcn1,1,1,PM,7,0.8723064644852354
etcn1,1,1,PM,8,0.8716018402342116
etcn1,1,1,PM,9,0.8724082934609251
etcn1,1,1,PM,10,0.8738260514495713
etcn1,1,1,PM,11,0.8808664259927798
etcn1,1,1,PM,12,0.8215644820295983
etcn1,1,2,AM,1,0.8383428107229894
etcn1,1,2,AM,2,0.8220551378446115
etcn1,1,2,AM,3,0.8267526188557615
etcn1,1,2,AM,4,0.8146766169154229
etcn1,1,2,AM,5,0.8349593495934959
etcn1,1,2,AM,6,0.7962577962577962
etcn1,1,2,AM,7,0.8590203106332138
etcn1,1,2,AM,8,0.8245759205626809
etcn1,1,2,AM,9,0.8369218500797448
etcn1,1,2,AM,10,0.7875955819881053
etcn1,1,2,AM,11,0.859880239520958
etcn1,1,2,AM,12,0.8148453608247422
etcn1,1,2,PM,1,0.8413597733711048
etcn1,1,2,PM,2,0.7959183673469388
etcn1,1,2,PM,3,0.8410008071025021
etcn1,1,2,PM,4,0.8122415219189413
etcn1,1,2,PM,5,0.8358513679052675
etcn1,1,2,PM,6,0.8184888138455044
etcn1,1,2,PM,7,0.8237564322469983
etcn1,1,2,PM,8,0.8260690789473684
etcn1,1,2,PM,9,0.8286176232821342
etcn1,1,2,PM,10,0.8241577649958916
etcn1,1,2,PM,11,0.8412509897070467
etcn1,1,2,PM,12,0.8329888383629599
etcn1,1,3,AM,1,0.8321649484536082
etcn1,1,3,AM,2,0.7956560283687943
etcn1,1,3,AM,3,0.8245268138801262
etcn1,1,3,AM,4,0.8140442132639791
etcn1,1,3,AM,5,0.8600405679513184
etcn1,1,3,AM,6,0.8443416070677324
etcn1,1,3,AM,7,0.8322395406070551
etcn1,1,3,AM,8,0.8302535453373442
etcn1,1,3,AM,9,0.8233098299460805
etcn1,1,3,AM,10,0.8150807899461401
etcn1,1,3,AM,11,0.841314935064935
etcn1,1,3,AM,12,0.8068132815868909
etcn1,1,3,PM,1,0.8417960553923626
etcn1,1,3,PM,2,0.8165019338203696
etcn1,1,3,PM,3,0.8074043261231281
etcn1,1,3,PM,4,0.8236549957301451
etcn1,1,3,PM,5,0.8008163265306123
etcn1,1,3,PM,6,0.8167808219178082
etcn1,1,3,PM,7,0.8246832856559052
etcn1,1,3,PM,8,0.8406223717409588
etcn1,1,3,PM,9,0.8639690055962118
etcn1,1,3,PM,10,0.8336184773310522
etcn1,1,3,PM,11,0.8564417177914109
etcn1,1,3,PM,12,0.8463530427276651
etcn1,1,4,AM,1,0.8487464036169339
etcn1,1,4,AM,2,0.8290062667860341
etcn1,1,4,AM,3,0.8119551681195517
etcn1,1,4,AM,4,0.8417450812660394
etcn1,1,4,AM,5,0.8648540583766493
etcn1,1,4,AM,6,0.8508168529664659
etcn1,1,4,AM,7,0.8691704498555509
etcn1,1,4,AM,8,0.8244863013698629
etcn1,1,4,AM,9,0.8773354995938262
etcn1,1,4,AM,10,0.8364485981308412
etcn1,1,4,AM,11,0.865
etcn1,1,4,AM,12,0.8268343815513627
etcn1,1,4,PM,1,0.8766898811962309
etcn1,1,4,PM,2,0.8189109328830729
etcn1,1,4,PM,3,0.8497184928540493
etcn1,1,4,PM,4,0.8327814569536424
etcn1,1,4,PM,5,0.8511856091578087
etcn1,1,4,PM,6,0.8208045509955303
etcn1,1,4,PM,7,0.867430441898527
etcn1,1,4,PM,8,0.842213961173069
etcn1,1,4,PM,9,0.8512295081967213
etcn1,1,4,PM,10,0.8239074550128535
etcn1,1,4,PM,11,0.8352697095435685
etcn1,1,4,PM,12,0.8276154171961033
etcn1,1,5,AM,1,0.8422156945027277
etcn1,1,5,AM,2,0.822098976109215
etcn1,1,5,AM,3,0.8391719745222929
etcn1,1,5,AM,4,0.7976853836262323
etcn1,1,5,AM,5,0.8571428571428572
etcn1,1,5,AM,6,0.8099102947458351
etcn1,1,5,AM,7,0.8043737574552684
etcn1,1,5,AM,8,0.8003334722801168
etcn1,1,5,AM,9,0.8275577557755776
etcn1,1,5,AM,10,0.7997465145754119
etcn1,1,5,AM,11,0.8213709677419355
etcn1,1,5,AM,12,0.8082474226804124
etcn1,1,5,PM,1,0.8506519162386409
etcn1,1,5,PM,2,0.7825531914893618
etcn1,1,5,PM,3,0.8354225636878285
etcn1,1,5,PM,4,0.8131821998320738
etcn1,1,5,PM,5,0.8263261296660118
etcn1,1,5,PM,6,0.8335398595621644
etcn1,1,5,PM,7,0.8225160256410257
etcn1,1,5,PM,8,0.8190120381901204
etcn1,1,5,PM,9,0.8320126782884311
etcn1,1,5,PM,10,0.8243742306114075
etcn1,1,5,PM,11,0.8348106365834005
etcn1,1,5,PM,12,0.818606627017842
etcn2,1,1,AM,1,0.8026677128285602
etcn2,1,1,AM,2,0.7836820083682008
etcn2,1,1,AM,3,0.8025528520143598
etcn2,1,1,AM,4,0.827027027027027
etcn2,1,1,AM,5,0.8034290271132376
etcn2,1,1,AM,6,0.8239287229529062
etcn2,1,1,AM,7,0.8220858895705522
etcn2,1,1,AM,8,0.8181049069373942
etcn2,1,1,AM,9,0.8242523555919705
etcn2,1,1,AM,10,0.8103800572129138
etcn2,1,1,AM,11,0.8048192771084337
etcn2,1,1,AM,12,0.7877397831526272
etcn2,1,1,PM,1,0.7780392156862745
etcn2,1,1,PM,2,0.7594142259414226
etcn2,1,1,PM,3,0.7838999609222352
etcn2,1,1,PM,4,0.7347107438016529
etcn2,1,1,PM,5,0.7982456140350878
etcn2,1,1,PM,6,0.7201477226097661
etcn2,1,1,PM,7,0.7984836392657622
etcn2,1,1,PM,8,0.7473860309493936
etcn2,1,1,PM,9,0.8277511961722488
etcn2,1,1,PM,10,0.7439771335238873
etcn2,1,1,PM,11,0.7918170878459687
etcn2,1,1,PM,12,0.7374207188160676
etcn2,1,2,AM,1,0.7965069049553208
etcn2,1,2,AM,2,0.8011695906432749
etcn2,1,2,AM,3,0.7912973408541499
etcn2,1,2,AM,4,0.8026533996683249
etcn2,1,2,AM,5,0.8150406504065041
etcn2,1,2,AM,6,0.7754677754677755
etcn2,1,2,AM,7,0.8267622461170848
etcn2,1,2,AM,8,0.8183698800165494
etcn2,1,2,AM,9,0.8349282296650717
etcn2,1,2,AM,10,0.7689039932030586
etcn2,1,2,AM,11,0.8183632734530938
etcn2,1,2,AM,12,0.7661855670103093
etcn2,1,2,PM,1,0.7932011331444759
etcn2,1,2,PM,2,0.7667638483965015
etcn2,1,2,PM,3,0.7998385794995965
etcn2,1,2,PM,4,0.7841191066997518
etcn2,1,2,PM,5,0.7897100857492854
etcn2,1,2,PM,6,0.7889404812157028
etcn2,1,2,PM,7,0.7658662092624356
etcn2,1,2,PM,8,0.8092105263157895
etcn2,1,2,PM,9,0.8055780113177041
etcn2,1,2,PM,10,0.7871815940838127
etcn2,1,2,PM,11,0.8135391923990498
etcn2,1,2,PM,12,0.8003307151715585
etcn2,1,3,AM,1,0.7962886597938145
etcn2,1,3,AM,2,0.7916666666666666
etcn2,1,3,AM,3,0.8095425867507886
etcn2,1,3,AM,4,0.8144776766363242
etcn2,1,3,AM,5,0.8344827586206897
etcn2,1,3,AM,6,0.806899453092133
etcn2,1,3,AM,7,0.7981952420016407
etcn2,1,3,AM,8,0.8100558659217877
etcn2,1,3,AM,9,0.8179178763998342
etcn2,1,3,AM,10,0.8096947935368043
etcn2,1,3,AM,11,0.8060064935064934
etcn2,1,3,AM,12,0.7869771453212592
etcn2,1,3,PM,1,0.7901804448174571
etcn2,1,3,PM,2,0.7761065749892566
etcn2,1,3,PM,3,0.8061564059900166
etcn2,1,3,PM,4,0.8065755764304013
etcn2,1,3,PM,5,0.7722448979591836
etcn2,1,3,PM,6,0.7654109589041096
etcn2,1,3,PM,7,0.7960768287699224
etcn2,1,3,PM,8,0.7754415475189235
etcn2,1,3,PM,9,0.7946620749031426
etcn2,1,3,PM,10,0.7758768177929855
etcn2,1,3,PM,11,0.8053169734151329
etcn2,1,3,PM,12,0.7945619335347431
etcn2,1,4,AM,1,0.7883271681052199
etcn2,1,4,AM,2,0.8084153983885407
etcn2,1,4,AM,3,0.7916147779161478
etcn2,1,4,AM,4,0.8028229255774166
etcn2,1,4,AM,5,0.8228708516593363
etcn2,1,4,AM,6,0.8056749785038693
etcn2,1,4,AM,7,0.8118035493190259
etcn2,1,4,AM,8,0.783390410958904
etcn2,1,4,AM,9,0.8160032493907392
etcn2,1,4,AM,10,0.792268479184367
etcn2,1,4,AM,11,0.80875
etcn2,1,4,AM,12,0.770649895178197
etcn2,1,4,PM,1,0.8181073330602212
etcn2,1,4,PM,2,0.7750105529759392
etcn2,1,4,PM,3,0.8289302728453876
etcn2,1,4,PM,4,0.7822847682119205
etcn2,1,4,PM,5,0.7976287816843827
etcn2,1,4,PM,6,0.7968305566842747
etcn2,1,4,PM,7,0.8179214402618658
etcn2,1,4,PM,8,0.8042131350681536
etcn2,1,4,PM,9,0.8401639344262295
etcn2,1,4,PM,10,0.8204798628963154
etcn2,1,4,PM,11,0.8103734439834025
etcn2,1,4,PM,12,0.7920372723422279
etcn2,1,5,AM,1,0.8023499790180445
etcn2,1,5,AM,2,0.8033276450511946
etcn2,1,5,AM,3,0.8093152866242038
etcn2,1,5,AM,4,0.8041148735533648
etcn2,1,5,AM,5,0.7933817594834545
etcn2,1,5,AM,6,0.7851345578812473
etcn2,1,5,AM,7,0.7737574552683897
etcn2,1,5,AM,8,0.78782826177574
etcn2,1,5,AM,9,0.7941419141914191
etcn2,1,5,AM,10,0.7912970004224757
etcn2,1,5,AM,11,0.7705645161290322
etcn2,1,5,AM,12,0.788041237113402
etcn2,1,5,PM,1,0.8056104306598182
etcn2,1,5,PM,2,0.7808510638297872
etcn2,1,5,PM,3,0.7840679336837849
etcn2,1,5,PM,4,0.8043660789252729
etcn2,1,5,PM,5,0.7933202357563851
etcn2,1,5,PM,6,0.8038000826104915
etcn2,1,5,PM,7,0.8052884615384616
etcn2,1,5,PM,8,0.8206724782067247
etcn2,1,5,PM,9,0.8209191759112521
etcn2,1,5,PM,10,0.7997537956503898
etcn2,1,5,PM,11,0.8021756647864625
etcn2,1,5,PM,12,0.8041631265930331
etcn3,1,1,AM,1,0.8732836406433896
etcn3,1,1,AM,2,0.8548117154811715
etcn3,1,1,AM,3,0.8496210610291185
etcn3,1,1,AM,4,0.8681912681912682
etcn3,1,1,AM,5,0.8744019138755981
etcn3,1,1,AM,6,0.8167161646160374
etcn3,1,1,AM,7,0.8732106339468303
etcn3,1,1,AM,8,0.8582910321489001
etcn3,1,1,AM,9,0.8754608766898812
etcn3,1,1,AM,10,0.8618716796076829
etcn3,1,1,AM,11,0.851004016064257
etcn3,1,1,AM,12,0.8448707256046706
etcn3,1,1,PM,1,0.8796078431372549
etcn3,1,1,PM,2,0.8539748953974895
etcn3,1,1,PM,3,0.8780773739742087
etcn3,1,1,PM,4,0.8524793388429752
etcn3,1,1,PM,5,0.8775917065390749
etcn3,1,1,PM,6,0.8169881001231022
etcn3,1,1,PM,7,0.8487629688747007
etcn3,1,1,PM,8,0.8594730238393977
etcn3,1,1,PM,9,0.8500797448165869
etcn3,1,1,PM,10,0.8550428746427113
etcn3,1,1,PM,11,0.8648215002005616
etcn3,1,1,PM,12,0.812262156448203
etcn3,1,2,AM,1,0.8399675060926076
etcn3,1,2,AM,2,0.8253968253968254
etcn3,1,2,AM,3,0.8368251410153102
etcn3,1,2,AM,4,0.7980928689883914
etcn3,1,2,AM,5,0.832520325203252
etcn3,1,2,AM,6,0.7970893970893971
etcn3,1,2,AM,7,0.8407009159697332
etcn3,1,2,AM,8,0.8067852709971038
etcn3,1,2,AM,9,0.8317384370015949
etcn3,1,2,AM,10,0.77017841971113
etcn3,1,2,AM,11,0.8447105788423154
etcn3,1,2,AM,12,0.7983505154639176
etcn3,1,2,PM,1,0.8324564953460137
etcn3,1,2,PM,2,0.7796751353602666
etcn3,1,2,PM,3,0.83454398708636
etcn3,1,2,PM,4,0.7965260545905707
etcn3,1,2,PM,5,0.8370763576970192
etcn3,1,2,PM,6,0.8037146475306036
etcn3,1,2,PM,7,0.8293310463121784
etcn3,1,2,PM,8,0.8141447368421053
etcn3,1,2,PM,9,0.8326596604688763
etcn3,1,2,PM,10,0.8274445357436319
etcn3,1,2,PM,11,0.8598574821852731
etcn3,1,2,PM,12,0.8238941711451013
etcn3,1,3,AM,1,0.8239175257731959
etcn3,1,3,AM,2,0.7952127659574468
etcn3,1,3,AM,3,0.8194006309148265
etcn3,1,3,AM,4,0.7811009969657564
etcn3,1,3,AM,5,0.8373225152129817
etcn3,1,3,AM,6,0.8279343710559529
etcn3,1,3,AM,7,0.8129614438063987
etcn3,1,3,AM,8,0.8203695745595188
etcn3,1,3,AM,9,0.817917876399834
etcn3,1,3,AM,10,0.823608617594255
etcn3,1,3,AM,11,0.8368506493506493
etcn3,1,3,AM,12,0.8063820612332901
etcn3,1,3,PM,1,0.8690725975660931
etcn3,1,3,PM,2,0.8483025354533734
etcn3,1,3,PM,3,0.8248752079866888
etcn3,1,3,PM,4,0.8403074295473953
etcn3,1,3,PM,5,0.8171428571428572
etcn3,1,3,PM,6,0.84375
etcn3,1,3,PM,7,0.8459337964854925
etcn3,1,3,PM,8,0.8355761143818334
etcn3,1,3,PM,9,0.8966853207059836
etcn3,1,3,PM,10,0.8468776732249786
etcn3,1,3,PM,11,0.874437627811861
etcn3,1,3,PM,12,0.8545533016832111
etcn3,1,4,AM,1,0.8499794492396219
etcn3,1,4,AM,2,0.841987466427932
etcn3,1,4,AM,3,0.8248235782482358
etcn3,1,4,AM,4,0.8015397775876818
etcn3,1,4,AM,5,0.8644542183126749
etcn3,1,4,AM,6,0.822871883061049
etcn3,1,4,AM,7,0.8534874122988032
etcn3,1,4,AM,8,0.8279109589041096
etcn3,1,4,AM,9,0.8619008935824533
etcn3,1,4,AM,10,0.8309260832625318
etcn3,1,4,AM,11,0.86125
etcn3,1,4,AM,12,0.8238993710691824
etcn3,1,4,PM,1,0.8676771814829988
etcn3,1,4,PM,2,0.8083579569438581
etcn3,1,4,PM,3,0.8657427457773927
etcn3,1,4,PM,4,0.8274006622516556
etcn3,1,4,PM,5,0.848732624693377
etcn3,1,4,PM,6,0.8220235676554246
etcn3,1,4,PM,7,0.8469721767594108
etcn3,1,4,PM,8,0.8446922759190417
etcn3,1,4,PM,9,0.8430327868852459
etcn3,1,4,PM,10,0.8316195372750643
etcn3,1,4,PM,11,0.833195020746888
etcn3,1,4,PM,12,0.8259212198221093
etcn3,1,5,AM,1,0.8224926563155686
etcn3,1,5,AM,2,0.8272184300341296
etcn3,1,5,AM,3,0.8220541401273885
etcn3,1,5,AM,4,0.7895413630518646
etcn3,1,5,AM,5,0.8163841807909604
etcn3,1,5,AM,6,0.7778727039726613
etcn3,1,5,AM,7,0.7964214711729622
etcn3,1,5,AM,8,0.8090871196331805
etcn3,1,5,AM,9,0.8106435643564356
etcn3,1,5,AM,10,0.7934093789607097
etcn3,1,5,AM,11,0.8161290322580645
etcn3,1,5,AM,12,0.8045360824742268
etcn3,1,5,PM,1,0.8332674832082181
etcn3,1,5,PM,2,0.7914893617021277
etcn3,1,5,PM,3,0.829357056207036
etcn3,1,5,PM,4,0.811502938706969
etcn3,1,5,PM,5,0.8479371316306483
etcn3,1,5,PM,6,0.8384964890541099
etcn3,1,5,PM,7,0.8341346153846154
etcn3,1,5,PM,8,0.8161062681610627
etcn3,1,5,PM,9,0.8379556259904912
etcn3,1,5,PM,10,0.8334017234304473
etcn3,1,5,PM,11,0.8448831587429493
etcn3,1,5,PM,12,0.8203058623619371
